ISO-10303-21;
HEADER;
/* Generated by software containing ST-Developer
 * from STEP Tools, Inc. (www.steptools.com) 
 */
/* OPTION: using custom renumber hook */

FILE_DESCRIPTION(
/* description */ ('STEP AP242 Edition 2',
'CAx-IF Rec.Pracs.---Representation and Presentation of Product Manufa
cturing Information (PMI)---4.0---2014-10-13',
'CAx-IF Rec.Pracs.---3D Tessellated Geometry---0.4---2014-09-14','2;1',
'CAx-IF Rec.Pracs.---User Defined Attributes---1.5---2016-08-15'),
/* implementation_level */ '2;1');

FILE_NAME(
/* name */ 'Front Gearbox Case - Front Gearbox Cover',
/* time_stamp */ '2026-09-08T03:57:28Z',
/* author */ (''),
/* organization */ (''),
/* preprocessor_version */ 'ST-DEVELOPER v20',
/* originating_system */ 'ONSHAPE BY PTC INC, 1.220',
/* authorisation */ '  ');

FILE_SCHEMA (('AP242_MANAGED_MODEL_BASED_3D_ENGINEERING_MIM_LF { 1 0 10303 442 3 1 4 }'));
ENDSEC;

DATA;
#10=SHAPE_REPRESENTATION_RELATIONSHIP('','',#1045,#11);
#11=ADVANCED_BREP_SHAPE_REPRESENTATION('',(#1043),#2055);
#12=B_SPLINE_CURVE_WITH_KNOTS('',5,(#1356,#1357,#1358,#1359,#1360,#1361,
#1362,#1363),.UNSPECIFIED.,.F.,.F.,(6,2,6),(0.,0.5,1.),.UNSPECIFIED.);
#13=B_SPLINE_CURVE_WITH_KNOTS('',5,(#1368,#1369,#1370,#1371,#1372,#1373,
#1374,#1375),.UNSPECIFIED.,.F.,.F.,(6,2,6),(0.,0.5,1.),.UNSPECIFIED.);
#14=B_SPLINE_CURVE_WITH_KNOTS('',5,(#1394,#1395,#1396,#1397,#1398,#1399,
#1400,#1401),.UNSPECIFIED.,.F.,.F.,(6,2,6),(0.,0.5,1.),.UNSPECIFIED.);
#15=B_SPLINE_CURVE_WITH_KNOTS('',5,(#1405,#1406,#1407,#1408,#1409,#1410,
#1411,#1412),.UNSPECIFIED.,.F.,.F.,(6,2,6),(0.,0.5,1.),.UNSPECIFIED.);
#16=B_SPLINE_CURVE_WITH_KNOTS('',5,(#1429,#1430,#1431,#1432,#1433,#1434,
#1435,#1436),.UNSPECIFIED.,.F.,.F.,(6,2,6),(0.,0.5,1.),.UNSPECIFIED.);
#17=B_SPLINE_CURVE_WITH_KNOTS('',5,(#1441,#1442,#1443,#1444,#1445,#1446,
#1447,#1448),.UNSPECIFIED.,.F.,.F.,(6,2,6),(0.,0.5,1.),.UNSPECIFIED.);
#18=B_SPLINE_CURVE_WITH_KNOTS('',5,(#1470,#1471,#1472,#1473,#1474,#1475,
#1476,#1477),.UNSPECIFIED.,.F.,.F.,(6,2,6),(0.,0.5,1.),.UNSPECIFIED.);
#19=B_SPLINE_CURVE_WITH_KNOTS('',5,(#1478,#1479,#1480,#1481,#1482,#1483,
#1484,#1485),.UNSPECIFIED.,.F.,.F.,(6,2,6),(0.,0.5,1.),.UNSPECIFIED.);
#20=B_SPLINE_CURVE_WITH_KNOTS('',5,(#1582,#1583,#1584,#1585,#1586,#1587,
#1588,#1589),.UNSPECIFIED.,.F.,.F.,(6,2,6),(0.,0.5,1.),.UNSPECIFIED.);
#21=B_SPLINE_CURVE_WITH_KNOTS('',5,(#1594,#1595,#1596,#1597,#1598,#1599,
#1600,#1601),.UNSPECIFIED.,.F.,.F.,(6,2,6),(0.,0.5,1.),.UNSPECIFIED.);
#22=B_SPLINE_CURVE_WITH_KNOTS('',5,(#1620,#1621,#1622,#1623,#1624,#1625,
#1626,#1627),.UNSPECIFIED.,.F.,.F.,(6,2,6),(0.,0.5,1.),.UNSPECIFIED.);
#23=B_SPLINE_CURVE_WITH_KNOTS('',5,(#1632,#1633,#1634,#1635,#1636,#1637,
#1638,#1639),.UNSPECIFIED.,.F.,.F.,(6,2,6),(0.,0.5,1.),.UNSPECIFIED.);
#24=B_SPLINE_SURFACE_WITH_KNOTS('',5,1,((#1340,#1341),(#1342,#1343),(#1344,
#1345),(#1346,#1347),(#1348,#1349),(#1350,#1351),(#1352,#1353),(#1354,#1355)),
 .SURF_OF_LINEAR_EXTRUSION.,.F.,.F.,.F.,(6,2,6),(2,2),(0.,0.5,1.),(0.0454545454545455,
0.954545454545455),.UNSPECIFIED.);
#25=B_SPLINE_SURFACE_WITH_KNOTS('',5,1,((#1378,#1379),(#1380,#1381),(#1382,
#1383),(#1384,#1385),(#1386,#1387),(#1388,#1389),(#1390,#1391),(#1392,#1393)),
 .SURF_OF_LINEAR_EXTRUSION.,.F.,.F.,.F.,(6,2,6),(2,2),(0.,0.5,1.),(0.0454545454545454,
0.954545454545455),.UNSPECIFIED.);
#26=B_SPLINE_SURFACE_WITH_KNOTS('',5,1,((#1413,#1414),(#1415,#1416),(#1417,
#1418),(#1419,#1420),(#1421,#1422),(#1423,#1424),(#1425,#1426),(#1427,#1428)),
 .SURF_OF_LINEAR_EXTRUSION.,.F.,.F.,.F.,(6,2,6),(2,2),(0.,0.5,1.),(0.0454545454545455,
0.954545454545455),.UNSPECIFIED.);
#27=B_SPLINE_SURFACE_WITH_KNOTS('',5,1,((#1451,#1452),(#1453,#1454),(#1455,
#1456),(#1457,#1458),(#1459,#1460),(#1461,#1462),(#1463,#1464),(#1465,#1466)),
 .SURF_OF_LINEAR_EXTRUSION.,.F.,.F.,.F.,(6,2,6),(2,2),(0.,0.5,1.),(0.0454545454545454,
0.954545454545455),.UNSPECIFIED.);
#28=B_SPLINE_SURFACE_WITH_KNOTS('',1,1,((#1486,#1487),(#1488,#1489)),
 .PLANE_SURF.,.F.,.F.,.F.,(2,2),(2,2),(0.,1.),(0.,1.),.UNSPECIFIED.);
#29=B_SPLINE_SURFACE_WITH_KNOTS('',1,1,((#1512,#1513),(#1514,#1515)),
 .PLANE_SURF.,.F.,.F.,.F.,(2,2),(2,2),(0.,1.),(0.,1.),.UNSPECIFIED.);
#30=B_SPLINE_SURFACE_WITH_KNOTS('',1,1,((#1519,#1520),(#1521,#1522)),
 .PLANE_SURF.,.F.,.F.,.F.,(2,2),(2,2),(0.,1.),(0.,1.),.UNSPECIFIED.);
#31=B_SPLINE_SURFACE_WITH_KNOTS('',1,1,((#1526,#1527),(#1528,#1529)),
 .PLANE_SURF.,.F.,.F.,.F.,(2,2),(2,2),(0.,1.),(0.,1.),.UNSPECIFIED.);
#32=B_SPLINE_SURFACE_WITH_KNOTS('',1,1,((#1552,#1553),(#1554,#1555)),
 .PLANE_SURF.,.F.,.F.,.F.,(2,2),(2,2),(0.,1.),(0.,1.),.UNSPECIFIED.);
#33=B_SPLINE_SURFACE_WITH_KNOTS('',1,1,((#1559,#1560),(#1561,#1562)),
 .PLANE_SURF.,.F.,.F.,.F.,(2,2),(2,2),(0.,1.),(0.,1.),.UNSPECIFIED.);
#34=B_SPLINE_SURFACE_WITH_KNOTS('',5,1,((#1566,#1567),(#1568,#1569),(#1570,
#1571),(#1572,#1573),(#1574,#1575),(#1576,#1577),(#1578,#1579),(#1580,#1581)),
 .SURF_OF_LINEAR_EXTRUSION.,.F.,.F.,.F.,(6,2,6),(2,2),(0.,0.5,1.),(0.0454545454545455,
0.954545454545454),.UNSPECIFIED.);
#35=B_SPLINE_SURFACE_WITH_KNOTS('',5,1,((#1604,#1605),(#1606,#1607),(#1608,
#1609),(#1610,#1611),(#1612,#1613),(#1614,#1615),(#1616,#1617),(#1618,#1619)),
 .SURF_OF_LINEAR_EXTRUSION.,.F.,.F.,.F.,(6,2,6),(2,2),(0.,0.5,1.),(0.0454545454545455,
0.954545454545454),.UNSPECIFIED.);
#36=B_SPLINE_SURFACE_WITH_KNOTS('',1,1,((#1658,#1659),(#1660,#1661)),
 .PLANE_SURF.,.F.,.F.,.F.,(2,2),(2,2),(0.,1.),(0.,1.),.UNSPECIFIED.);
#37=B_SPLINE_SURFACE_WITH_KNOTS('',1,1,((#1683,#1684),(#1685,#1686)),
 .PLANE_SURF.,.F.,.F.,.F.,(2,2),(2,2),(0.,1.),(0.,1.),.UNSPECIFIED.);
#38=B_SPLINE_SURFACE_WITH_KNOTS('',1,1,((#1708,#1709),(#1710,#1711)),
 .PLANE_SURF.,.F.,.F.,.F.,(2,2),(2,2),(0.,1.),(0.,1.),.UNSPECIFIED.);
#39=B_SPLINE_SURFACE_WITH_KNOTS('',1,1,((#1733,#1734),(#1735,#1736)),
 .PLANE_SURF.,.F.,.F.,.F.,(2,2),(2,2),(0.,1.),(0.,1.),.UNSPECIFIED.);
#40=B_SPLINE_SURFACE_WITH_KNOTS('',1,1,((#1742,#1743),(#1744,#1745)),
 .PLANE_SURF.,.F.,.F.,.F.,(2,2),(2,2),(0.,1.),(0.,1.),.UNSPECIFIED.);
#41=B_SPLINE_SURFACE_WITH_KNOTS('',1,1,((#1779,#1780),(#1781,#1782)),
 .PLANE_SURF.,.F.,.F.,.F.,(2,2),(2,2),(0.,1.),(0.,1.),.UNSPECIFIED.);
#42=B_SPLINE_SURFACE_WITH_KNOTS('',1,1,((#1807,#1808),(#1809,#1810)),
 .PLANE_SURF.,.F.,.F.,.F.,(2,2),(2,2),(0.,1.),(0.,1.),.UNSPECIFIED.);
#43=B_SPLINE_SURFACE_WITH_KNOTS('',1,1,((#1855,#1856),(#1857,#1858)),
 .PLANE_SURF.,.F.,.F.,.F.,(2,2),(2,2),(0.,1.),(0.,1.),.UNSPECIFIED.);
#44=B_SPLINE_SURFACE_WITH_KNOTS('',1,1,((#1863,#1864),(#1865,#1866)),
 .PLANE_SURF.,.F.,.F.,.F.,(2,2),(2,2),(0.,1.),(0.,1.),.UNSPECIFIED.);
#45=B_SPLINE_SURFACE_WITH_KNOTS('',1,1,((#1870,#1871),(#1872,#1873)),
 .PLANE_SURF.,.F.,.F.,.F.,(2,2),(2,2),(0.,1.),(0.,1.),.UNSPECIFIED.);
#46=B_SPLINE_SURFACE_WITH_KNOTS('',1,1,((#1875,#1876),(#1877,#1878)),
 .PLANE_SURF.,.F.,.F.,.F.,(2,2),(2,2),(0.,1.),(0.,1.),.UNSPECIFIED.);
#47=B_SPLINE_SURFACE_WITH_KNOTS('',1,1,((#1891,#1892),(#1893,#1894)),
 .PLANE_SURF.,.F.,.F.,.F.,(2,2),(2,2),(0.,1.),(0.,1.),.UNSPECIFIED.);
#48=B_SPLINE_SURFACE_WITH_KNOTS('',1,1,((#1895,#1896),(#1897,#1898)),
 .PLANE_SURF.,.F.,.F.,.F.,(2,2),(2,2),(0.0446416282039763,0.956086479584889),
(0.0420193017884763,0.954565943076266),.PIECEWISE_BEZIER_KNOTS.);
#49=LINE('',#1332,#119);
#50=LINE('',#1337,#120);
#51=LINE('',#1366,#121);
#52=LINE('',#1377,#122);
#53=LINE('',#1403,#123);
#54=LINE('',#1439,#124);
#55=LINE('',#1450,#125);
#56=LINE('',#1467,#126);
#57=LINE('',#1494,#127);
#58=LINE('',#1496,#128);
#59=LINE('',#1498,#129);
#60=LINE('',#1507,#130);
#61=LINE('',#1509,#131);
#62=LINE('',#1516,#132);
#63=LINE('',#1518,#133);
#64=LINE('',#1523,#134);
#65=LINE('',#1525,#135);
#66=LINE('',#1534,#136);
#67=LINE('',#1536,#137);
#68=LINE('',#1538,#138);
#69=LINE('',#1547,#139);
#70=LINE('',#1549,#140);
#71=LINE('',#1556,#141);
#72=LINE('',#1558,#142);
#73=LINE('',#1563,#143);
#74=LINE('',#1565,#144);
#75=LINE('',#1592,#145);
#76=LINE('',#1603,#146);
#77=LINE('',#1630,#147);
#78=LINE('',#1641,#148);
#79=LINE('',#1650,#149);
#80=LINE('',#1655,#150);
#81=LINE('',#1675,#151);
#82=LINE('',#1680,#152);
#83=LINE('',#1700,#153);
#84=LINE('',#1705,#154);
#85=LINE('',#1725,#155);
#86=LINE('',#1730,#156);
#87=LINE('',#1746,#157);
#88=LINE('',#1747,#158);
#89=LINE('',#1749,#159);
#90=LINE('',#1751,#160);
#91=LINE('',#1755,#161);
#92=LINE('',#1761,#162);
#93=LINE('',#1783,#163);
#94=LINE('',#1785,#164);
#95=LINE('',#1787,#165);
#96=LINE('',#1805,#166);
#97=LINE('',#1811,#167);
#98=LINE('',#1813,#168);
#99=LINE('',#1831,#169);
#100=LINE('',#1836,#170);
#101=LINE('',#1847,#171);
#102=LINE('',#1852,#172);
#103=LINE('',#1859,#173);
#104=LINE('',#1860,#174);
#105=LINE('',#1862,#175);
#106=LINE('',#1867,#176);
#107=LINE('',#1869,#177);
#108=LINE('',#1874,#178);
#109=LINE('',#1884,#179);
#110=LINE('',#1885,#180);
#111=LINE('',#1910,#181);
#112=LINE('',#1911,#182);
#113=LINE('',#1920,#183);
#114=LINE('',#1921,#184);
#115=LINE('',#1930,#185);
#116=LINE('',#1931,#186);
#117=LINE('',#1940,#187);
#118=LINE('',#1941,#188);
#119=VECTOR('',#1115,1000.);
#120=VECTOR('',#1118,1000.);
#121=VECTOR('',#1121,1000.);
#122=VECTOR('',#1122,1000.);
#123=VECTOR('',#1123,1000.);
#124=VECTOR('',#1124,1000.);
#125=VECTOR('',#1125,1000.);
#126=VECTOR('',#1126,1000.);
#127=VECTOR('',#1131,1000.);
#128=VECTOR('',#1132,1000.);
#129=VECTOR('',#1133,1000.);
#130=VECTOR('',#1134,1000.);
#131=VECTOR('',#1135,1000.);
#132=VECTOR('',#1138,1000.);
#133=VECTOR('',#1139,1000.);
#134=VECTOR('',#1140,1000.);
#135=VECTOR('',#1141,1000.);
#136=VECTOR('',#1146,1000.);
#137=VECTOR('',#1147,1000.);
#138=VECTOR('',#1148,1000.);
#139=VECTOR('',#1149,1000.);
#140=VECTOR('',#1150,1000.);
#141=VECTOR('',#1153,1000.);
#142=VECTOR('',#1154,1000.);
#143=VECTOR('',#1155,1000.);
#144=VECTOR('',#1156,1000.);
#145=VECTOR('',#1157,1000.);
#146=VECTOR('',#1158,1000.);
#147=VECTOR('',#1159,1000.);
#148=VECTOR('',#1160,1000.);
#149=VECTOR('',#1161,1000.);
#150=VECTOR('',#1164,1000.);
#151=VECTOR('',#1173,1000.);
#152=VECTOR('',#1176,1000.);
#153=VECTOR('',#1185,1000.);
#154=VECTOR('',#1188,1000.);
#155=VECTOR('',#1197,1000.);
#156=VECTOR('',#1200,1000.);
#157=VECTOR('',#1209,1000.);
#158=VECTOR('',#1210,1000.);
#159=VECTOR('',#1211,1000.);
#160=VECTOR('',#1212,1000.);
#161=VECTOR('',#1215,1000.);
#162=VECTOR('',#1220,1000.);
#163=VECTOR('',#1239,1000.);
#164=VECTOR('',#1240,1000.);
#165=VECTOR('',#1241,1000.);
#166=VECTOR('',#1244,1000.);
#167=VECTOR('',#1247,1000.);
#168=VECTOR('',#1248,1000.);
#169=VECTOR('',#1251,1000.);
#170=VECTOR('',#1254,1000.);
#171=VECTOR('',#1257,1000.);
#172=VECTOR('',#1260,1000.);
#173=VECTOR('',#1263,1000.);
#174=VECTOR('',#1264,1000.);
#175=VECTOR('',#1265,1000.);
#176=VECTOR('',#1266,1000.);
#177=VECTOR('',#1267,1000.);
#178=VECTOR('',#1268,1000.);
#179=VECTOR('',#1279,1000.);
#180=VECTOR('',#1280,1000.);
#181=VECTOR('',#1297,1000.);
#182=VECTOR('',#1298,1000.);
#183=VECTOR('',#1299,1000.);
#184=VECTOR('',#1300,1000.);
#185=VECTOR('',#1301,1000.);
#186=VECTOR('',#1302,1000.);
#187=VECTOR('',#1303,1000.);
#188=VECTOR('',#1304,1000.);
#189=(
BOUNDED_CURVE()
B_SPLINE_CURVE(1,(#1317,#1318),.UNSPECIFIED.,.F.,.F.)
B_SPLINE_CURVE_WITH_KNOTS((2,2),(0.,1.),.PIECEWISE_BEZIER_KNOTS.)
CURVE()
GEOMETRIC_REPRESENTATION_ITEM()
RATIONAL_B_SPLINE_CURVE((1.,1.))
REPRESENTATION_ITEM('')
);
#190=(
BOUNDED_CURVE()
B_SPLINE_CURVE(1,(#1322,#1323),.UNSPECIFIED.,.F.,.F.)
B_SPLINE_CURVE_WITH_KNOTS((2,2),(0.,1.),.PIECEWISE_BEZIER_KNOTS.)
CURVE()
GEOMETRIC_REPRESENTATION_ITEM()
RATIONAL_B_SPLINE_CURVE((1.,1.))
REPRESENTATION_ITEM('')
);
#191=ORIENTED_EDGE('',*,*,#483,.F.);
#192=ORIENTED_EDGE('',*,*,#484,.T.);
#193=ORIENTED_EDGE('',*,*,#485,.F.);
#194=ORIENTED_EDGE('',*,*,#486,.F.);
#195=ORIENTED_EDGE('',*,*,#487,.F.);
#196=ORIENTED_EDGE('',*,*,#488,.F.);
#197=ORIENTED_EDGE('',*,*,#489,.T.);
#198=ORIENTED_EDGE('',*,*,#490,.T.);
#199=ORIENTED_EDGE('',*,*,#491,.F.);
#200=ORIENTED_EDGE('',*,*,#492,.F.);
#201=ORIENTED_EDGE('',*,*,#493,.F.);
#202=ORIENTED_EDGE('',*,*,#494,.F.);
#203=ORIENTED_EDGE('',*,*,#492,.T.);
#204=ORIENTED_EDGE('',*,*,#495,.F.);
#205=ORIENTED_EDGE('',*,*,#496,.F.);
#206=ORIENTED_EDGE('',*,*,#497,.F.);
#207=ORIENTED_EDGE('',*,*,#498,.F.);
#208=ORIENTED_EDGE('',*,*,#499,.F.);
#209=ORIENTED_EDGE('',*,*,#500,.F.);
#210=ORIENTED_EDGE('',*,*,#501,.F.);
#211=ORIENTED_EDGE('',*,*,#502,.F.);
#212=ORIENTED_EDGE('',*,*,#503,.F.);
#213=ORIENTED_EDGE('',*,*,#501,.T.);
#214=ORIENTED_EDGE('',*,*,#504,.F.);
#215=ORIENTED_EDGE('',*,*,#505,.T.);
#216=ORIENTED_EDGE('',*,*,#506,.T.);
#217=ORIENTED_EDGE('',*,*,#507,.T.);
#218=ORIENTED_EDGE('',*,*,#495,.T.);
#219=ORIENTED_EDGE('',*,*,#491,.T.);
#220=ORIENTED_EDGE('',*,*,#508,.T.);
#221=ORIENTED_EDGE('',*,*,#509,.T.);
#222=ORIENTED_EDGE('',*,*,#510,.F.);
#223=ORIENTED_EDGE('',*,*,#505,.F.);
#224=ORIENTED_EDGE('',*,*,#511,.T.);
#225=ORIENTED_EDGE('',*,*,#512,.T.);
#226=ORIENTED_EDGE('',*,*,#513,.T.);
#227=ORIENTED_EDGE('',*,*,#496,.T.);
#228=ORIENTED_EDGE('',*,*,#507,.F.);
#229=ORIENTED_EDGE('',*,*,#514,.T.);
#230=ORIENTED_EDGE('',*,*,#515,.T.);
#231=ORIENTED_EDGE('',*,*,#514,.F.);
#232=ORIENTED_EDGE('',*,*,#509,.F.);
#233=ORIENTED_EDGE('',*,*,#516,.T.);
#234=ORIENTED_EDGE('',*,*,#517,.F.);
#235=ORIENTED_EDGE('',*,*,#518,.F.);
#236=ORIENTED_EDGE('',*,*,#519,.F.);
#237=ORIENTED_EDGE('',*,*,#498,.T.);
#238=ORIENTED_EDGE('',*,*,#503,.T.);
#239=ORIENTED_EDGE('',*,*,#520,.F.);
#240=ORIENTED_EDGE('',*,*,#521,.F.);
#241=ORIENTED_EDGE('',*,*,#522,.F.);
#242=ORIENTED_EDGE('',*,*,#518,.T.);
#243=ORIENTED_EDGE('',*,*,#523,.T.);
#244=ORIENTED_EDGE('',*,*,#524,.F.);
#245=ORIENTED_EDGE('',*,*,#520,.T.);
#246=ORIENTED_EDGE('',*,*,#502,.T.);
#247=ORIENTED_EDGE('',*,*,#525,.F.);
#248=ORIENTED_EDGE('',*,*,#526,.F.);
#249=ORIENTED_EDGE('',*,*,#527,.F.);
#250=ORIENTED_EDGE('',*,*,#528,.F.);
#251=ORIENTED_EDGE('',*,*,#521,.T.);
#252=ORIENTED_EDGE('',*,*,#526,.T.);
#253=ORIENTED_EDGE('',*,*,#529,.F.);
#254=ORIENTED_EDGE('',*,*,#530,.F.);
#255=ORIENTED_EDGE('',*,*,#531,.F.);
#256=ORIENTED_EDGE('',*,*,#532,.F.);
#257=ORIENTED_EDGE('',*,*,#533,.F.);
#258=ORIENTED_EDGE('',*,*,#534,.F.);
#259=ORIENTED_EDGE('',*,*,#535,.F.);
#260=ORIENTED_EDGE('',*,*,#536,.F.);
#261=ORIENTED_EDGE('',*,*,#537,.F.);
#262=ORIENTED_EDGE('',*,*,#538,.F.);
#263=ORIENTED_EDGE('',*,*,#539,.T.);
#264=ORIENTED_EDGE('',*,*,#540,.T.);
#265=ORIENTED_EDGE('',*,*,#541,.F.);
#266=ORIENTED_EDGE('',*,*,#542,.F.);
#267=ORIENTED_EDGE('',*,*,#538,.T.);
#268=ORIENTED_EDGE('',*,*,#543,.T.);
#269=ORIENTED_EDGE('',*,*,#544,.F.);
#270=ORIENTED_EDGE('',*,*,#545,.F.);
#271=ORIENTED_EDGE('',*,*,#546,.T.);
#272=ORIENTED_EDGE('',*,*,#547,.T.);
#273=ORIENTED_EDGE('',*,*,#548,.F.);
#274=ORIENTED_EDGE('',*,*,#549,.F.);
#275=ORIENTED_EDGE('',*,*,#545,.T.);
#276=ORIENTED_EDGE('',*,*,#550,.T.);
#277=ORIENTED_EDGE('',*,*,#551,.F.);
#278=ORIENTED_EDGE('',*,*,#552,.F.);
#279=ORIENTED_EDGE('',*,*,#553,.T.);
#280=ORIENTED_EDGE('',*,*,#554,.T.);
#281=ORIENTED_EDGE('',*,*,#555,.F.);
#282=ORIENTED_EDGE('',*,*,#556,.F.);
#283=ORIENTED_EDGE('',*,*,#552,.T.);
#284=ORIENTED_EDGE('',*,*,#557,.T.);
#285=ORIENTED_EDGE('',*,*,#558,.F.);
#286=ORIENTED_EDGE('',*,*,#559,.F.);
#287=ORIENTED_EDGE('',*,*,#560,.T.);
#288=ORIENTED_EDGE('',*,*,#561,.T.);
#289=ORIENTED_EDGE('',*,*,#562,.F.);
#290=ORIENTED_EDGE('',*,*,#563,.F.);
#291=ORIENTED_EDGE('',*,*,#559,.T.);
#292=ORIENTED_EDGE('',*,*,#564,.T.);
#293=ORIENTED_EDGE('',*,*,#565,.T.);
#294=ORIENTED_EDGE('',*,*,#533,.T.);
#295=ORIENTED_EDGE('',*,*,#566,.F.);
#296=ORIENTED_EDGE('',*,*,#567,.F.);
#297=ORIENTED_EDGE('',*,*,#568,.F.);
#298=ORIENTED_EDGE('',*,*,#529,.T.);
#299=ORIENTED_EDGE('',*,*,#569,.T.);
#300=ORIENTED_EDGE('',*,*,#570,.F.);
#301=ORIENTED_EDGE('',*,*,#571,.T.);
#302=ORIENTED_EDGE('',*,*,#572,.T.);
#303=ORIENTED_EDGE('',*,*,#573,.F.);
#304=ORIENTED_EDGE('',*,*,#574,.T.);
#305=ORIENTED_EDGE('',*,*,#575,.T.);
#306=ORIENTED_EDGE('',*,*,#576,.T.);
#307=ORIENTED_EDGE('',*,*,#577,.T.);
#308=ORIENTED_EDGE('',*,*,#578,.T.);
#309=ORIENTED_EDGE('',*,*,#579,.T.);
#310=ORIENTED_EDGE('',*,*,#580,.T.);
#311=ORIENTED_EDGE('',*,*,#581,.T.);
#312=ORIENTED_EDGE('',*,*,#488,.T.);
#313=ORIENTED_EDGE('',*,*,#582,.T.);
#314=ORIENTED_EDGE('',*,*,#583,.T.);
#315=ORIENTED_EDGE('',*,*,#584,.T.);
#316=ORIENTED_EDGE('',*,*,#585,.F.);
#317=ORIENTED_EDGE('',*,*,#570,.T.);
#318=ORIENTED_EDGE('',*,*,#586,.F.);
#319=ORIENTED_EDGE('',*,*,#587,.F.);
#320=ORIENTED_EDGE('',*,*,#572,.F.);
#321=ORIENTED_EDGE('',*,*,#571,.F.);
#322=ORIENTED_EDGE('',*,*,#585,.T.);
#323=ORIENTED_EDGE('',*,*,#588,.F.);
#324=ORIENTED_EDGE('',*,*,#587,.T.);
#325=ORIENTED_EDGE('',*,*,#589,.T.);
#326=ORIENTED_EDGE('',*,*,#590,.F.);
#327=ORIENTED_EDGE('',*,*,#573,.T.);
#328=ORIENTED_EDGE('',*,*,#591,.F.);
#329=ORIENTED_EDGE('',*,*,#583,.F.);
#330=ORIENTED_EDGE('',*,*,#569,.F.);
#331=ORIENTED_EDGE('',*,*,#590,.T.);
#332=ORIENTED_EDGE('',*,*,#592,.F.);
#333=ORIENTED_EDGE('',*,*,#593,.T.);
#334=ORIENTED_EDGE('',*,*,#594,.T.);
#335=ORIENTED_EDGE('',*,*,#595,.T.);
#336=ORIENTED_EDGE('',*,*,#596,.F.);
#337=ORIENTED_EDGE('',*,*,#597,.T.);
#338=ORIENTED_EDGE('',*,*,#598,.T.);
#339=ORIENTED_EDGE('',*,*,#599,.T.);
#340=ORIENTED_EDGE('',*,*,#600,.F.);
#341=ORIENTED_EDGE('',*,*,#499,.T.);
#342=ORIENTED_EDGE('',*,*,#519,.T.);
#343=ORIENTED_EDGE('',*,*,#528,.T.);
#344=ORIENTED_EDGE('',*,*,#601,.F.);
#345=ORIENTED_EDGE('',*,*,#602,.F.);
#346=ORIENTED_EDGE('',*,*,#566,.T.);
#347=ORIENTED_EDGE('',*,*,#536,.T.);
#348=ORIENTED_EDGE('',*,*,#603,.F.);
#349=ORIENTED_EDGE('',*,*,#567,.T.);
#350=ORIENTED_EDGE('',*,*,#602,.T.);
#351=ORIENTED_EDGE('',*,*,#604,.F.);
#352=ORIENTED_EDGE('',*,*,#605,.T.);
#353=ORIENTED_EDGE('',*,*,#534,.T.);
#354=ORIENTED_EDGE('',*,*,#565,.F.);
#355=ORIENTED_EDGE('',*,*,#532,.T.);
#356=ORIENTED_EDGE('',*,*,#485,.T.);
#357=ORIENTED_EDGE('',*,*,#606,.T.);
#358=ORIENTED_EDGE('',*,*,#512,.F.);
#359=ORIENTED_EDGE('',*,*,#607,.F.);
#360=ORIENTED_EDGE('',*,*,#608,.T.);
#361=ORIENTED_EDGE('',*,*,#524,.T.);
#362=ORIENTED_EDGE('',*,*,#599,.F.);
#363=ORIENTED_EDGE('',*,*,#609,.F.);
#364=ORIENTED_EDGE('',*,*,#595,.F.);
#365=ORIENTED_EDGE('',*,*,#610,.F.);
#366=ORIENTED_EDGE('',*,*,#525,.T.);
#367=ORIENTED_EDGE('',*,*,#504,.T.);
#368=ORIENTED_EDGE('',*,*,#500,.T.);
#369=ORIENTED_EDGE('',*,*,#600,.T.);
#370=ORIENTED_EDGE('',*,*,#535,.T.);
#371=ORIENTED_EDGE('',*,*,#605,.F.);
#372=ORIENTED_EDGE('',*,*,#531,.T.);
#373=ORIENTED_EDGE('',*,*,#611,.T.);
#374=ORIENTED_EDGE('',*,*,#493,.T.);
#375=ORIENTED_EDGE('',*,*,#497,.T.);
#376=ORIENTED_EDGE('',*,*,#513,.F.);
#377=ORIENTED_EDGE('',*,*,#515,.F.);
#378=ORIENTED_EDGE('',*,*,#612,.T.);
#379=ORIENTED_EDGE('',*,*,#604,.T.);
#380=ORIENTED_EDGE('',*,*,#601,.T.);
#381=ORIENTED_EDGE('',*,*,#527,.T.);
#382=ORIENTED_EDGE('',*,*,#540,.F.);
#383=ORIENTED_EDGE('',*,*,#613,.F.);
#384=ORIENTED_EDGE('',*,*,#547,.F.);
#385=ORIENTED_EDGE('',*,*,#614,.F.);
#386=ORIENTED_EDGE('',*,*,#554,.F.);
#387=ORIENTED_EDGE('',*,*,#615,.F.);
#388=ORIENTED_EDGE('',*,*,#561,.F.);
#389=ORIENTED_EDGE('',*,*,#616,.F.);
#390=ORIENTED_EDGE('',*,*,#490,.F.);
#391=ORIENTED_EDGE('',*,*,#617,.F.);
#392=ORIENTED_EDGE('',*,*,#508,.F.);
#393=ORIENTED_EDGE('',*,*,#494,.T.);
#394=ORIENTED_EDGE('',*,*,#611,.F.);
#395=ORIENTED_EDGE('',*,*,#530,.T.);
#396=ORIENTED_EDGE('',*,*,#568,.T.);
#397=ORIENTED_EDGE('',*,*,#603,.T.);
#398=ORIENTED_EDGE('',*,*,#612,.F.);
#399=ORIENTED_EDGE('',*,*,#516,.F.);
#400=ORIENTED_EDGE('',*,*,#618,.T.);
#401=ORIENTED_EDGE('',*,*,#483,.T.);
#402=ORIENTED_EDGE('',*,*,#584,.F.);
#403=ORIENTED_EDGE('',*,*,#591,.T.);
#404=ORIENTED_EDGE('',*,*,#589,.F.);
#405=ORIENTED_EDGE('',*,*,#586,.T.);
#406=ORIENTED_EDGE('',*,*,#588,.T.);
#407=ORIENTED_EDGE('',*,*,#593,.F.);
#408=ORIENTED_EDGE('',*,*,#619,.F.);
#409=ORIENTED_EDGE('',*,*,#597,.F.);
#410=ORIENTED_EDGE('',*,*,#620,.F.);
#411=ORIENTED_EDGE('',*,*,#621,.F.);
#412=ORIENTED_EDGE('',*,*,#580,.F.);
#413=ORIENTED_EDGE('',*,*,#622,.T.);
#414=ORIENTED_EDGE('',*,*,#563,.T.);
#415=ORIENTED_EDGE('',*,*,#623,.F.);
#416=ORIENTED_EDGE('',*,*,#578,.F.);
#417=ORIENTED_EDGE('',*,*,#624,.T.);
#418=ORIENTED_EDGE('',*,*,#556,.T.);
#419=ORIENTED_EDGE('',*,*,#625,.F.);
#420=ORIENTED_EDGE('',*,*,#576,.F.);
#421=ORIENTED_EDGE('',*,*,#626,.T.);
#422=ORIENTED_EDGE('',*,*,#549,.T.);
#423=ORIENTED_EDGE('',*,*,#627,.F.);
#424=ORIENTED_EDGE('',*,*,#574,.F.);
#425=ORIENTED_EDGE('',*,*,#628,.T.);
#426=ORIENTED_EDGE('',*,*,#542,.T.);
#427=ORIENTED_EDGE('',*,*,#575,.F.);
#428=ORIENTED_EDGE('',*,*,#627,.T.);
#429=ORIENTED_EDGE('',*,*,#541,.T.);
#430=ORIENTED_EDGE('',*,*,#628,.F.);
#431=ORIENTED_EDGE('',*,*,#577,.F.);
#432=ORIENTED_EDGE('',*,*,#625,.T.);
#433=ORIENTED_EDGE('',*,*,#548,.T.);
#434=ORIENTED_EDGE('',*,*,#626,.F.);
#435=ORIENTED_EDGE('',*,*,#579,.F.);
#436=ORIENTED_EDGE('',*,*,#623,.T.);
#437=ORIENTED_EDGE('',*,*,#555,.T.);
#438=ORIENTED_EDGE('',*,*,#624,.F.);
#439=ORIENTED_EDGE('',*,*,#581,.F.);
#440=ORIENTED_EDGE('',*,*,#621,.T.);
#441=ORIENTED_EDGE('',*,*,#562,.T.);
#442=ORIENTED_EDGE('',*,*,#622,.F.);
#443=ORIENTED_EDGE('',*,*,#620,.T.);
#444=ORIENTED_EDGE('',*,*,#596,.T.);
#445=ORIENTED_EDGE('',*,*,#609,.T.);
#446=ORIENTED_EDGE('',*,*,#598,.F.);
#447=ORIENTED_EDGE('',*,*,#619,.T.);
#448=ORIENTED_EDGE('',*,*,#592,.T.);
#449=ORIENTED_EDGE('',*,*,#610,.T.);
#450=ORIENTED_EDGE('',*,*,#594,.F.);
#451=ORIENTED_EDGE('',*,*,#564,.F.);
#452=ORIENTED_EDGE('',*,*,#558,.T.);
#453=ORIENTED_EDGE('',*,*,#616,.T.);
#454=ORIENTED_EDGE('',*,*,#560,.F.);
#455=ORIENTED_EDGE('',*,*,#557,.F.);
#456=ORIENTED_EDGE('',*,*,#551,.T.);
#457=ORIENTED_EDGE('',*,*,#615,.T.);
#458=ORIENTED_EDGE('',*,*,#553,.F.);
#459=ORIENTED_EDGE('',*,*,#550,.F.);
#460=ORIENTED_EDGE('',*,*,#544,.T.);
#461=ORIENTED_EDGE('',*,*,#614,.T.);
#462=ORIENTED_EDGE('',*,*,#546,.F.);
#463=ORIENTED_EDGE('',*,*,#543,.F.);
#464=ORIENTED_EDGE('',*,*,#537,.T.);
#465=ORIENTED_EDGE('',*,*,#613,.T.);
#466=ORIENTED_EDGE('',*,*,#539,.F.);
#467=ORIENTED_EDGE('',*,*,#517,.T.);
#468=ORIENTED_EDGE('',*,*,#522,.T.);
#469=ORIENTED_EDGE('',*,*,#608,.F.);
#470=ORIENTED_EDGE('',*,*,#523,.F.);
#471=ORIENTED_EDGE('',*,*,#506,.F.);
#472=ORIENTED_EDGE('',*,*,#510,.T.);
#473=ORIENTED_EDGE('',*,*,#607,.T.);
#474=ORIENTED_EDGE('',*,*,#511,.F.);
#475=ORIENTED_EDGE('',*,*,#582,.F.);
#476=ORIENTED_EDGE('',*,*,#487,.T.);
#477=ORIENTED_EDGE('',*,*,#617,.T.);
#478=ORIENTED_EDGE('',*,*,#489,.F.);
#479=ORIENTED_EDGE('',*,*,#484,.F.);
#480=ORIENTED_EDGE('',*,*,#618,.F.);
#481=ORIENTED_EDGE('',*,*,#486,.T.);
#482=ORIENTED_EDGE('',*,*,#606,.F.);
#483=EDGE_CURVE('',#629,#630,#727,.F.);
#484=EDGE_CURVE('',#629,#631,#189,.T.);
#485=EDGE_CURVE('',#632,#631,#728,.F.);
#486=EDGE_CURVE('',#630,#632,#190,.T.);
#487=EDGE_CURVE('',#633,#634,#49,.T.);
#488=EDGE_CURVE('',#635,#633,#729,.T.);
#489=EDGE_CURVE('',#635,#636,#50,.T.);
#490=EDGE_CURVE('',#636,#634,#730,.T.);
#491=EDGE_CURVE('',#637,#638,#12,.F.);
#492=EDGE_CURVE('',#639,#637,#51,.T.);
#493=EDGE_CURVE('',#640,#639,#13,.T.);
#494=EDGE_CURVE('',#638,#640,#52,.T.);
#495=EDGE_CURVE('',#641,#637,#14,.F.);
#496=EDGE_CURVE('',#642,#641,#53,.T.);
#497=EDGE_CURVE('',#639,#642,#15,.T.);
#498=EDGE_CURVE('',#643,#644,#16,.F.);
#499=EDGE_CURVE('',#645,#643,#54,.T.);
#500=EDGE_CURVE('',#646,#645,#17,.T.);
#501=EDGE_CURVE('',#644,#646,#55,.T.);
#502=EDGE_CURVE('',#647,#648,#56,.T.);
#503=EDGE_CURVE('',#644,#647,#18,.F.);
#504=EDGE_CURVE('',#648,#646,#19,.T.);
#505=EDGE_CURVE('',#649,#650,#731,.T.);
#506=EDGE_CURVE('',#650,#649,#732,.T.);
#507=EDGE_CURVE('',#651,#641,#57,.T.);
#508=EDGE_CURVE('',#638,#652,#58,.T.);
#509=EDGE_CURVE('',#652,#651,#59,.T.);
#510=EDGE_CURVE('',#650,#653,#60,.T.);
#511=EDGE_CURVE('',#649,#654,#61,.T.);
#512=EDGE_CURVE('',#654,#653,#733,.T.);
#513=EDGE_CURVE('',#655,#642,#62,.T.);
#514=EDGE_CURVE('',#651,#655,#63,.T.);
#515=EDGE_CURVE('',#656,#655,#64,.T.);
#516=EDGE_CURVE('',#652,#656,#65,.T.);
#517=EDGE_CURVE('',#657,#658,#734,.T.);
#518=EDGE_CURVE('',#658,#657,#735,.T.);
#519=EDGE_CURVE('',#643,#659,#66,.T.);
#520=EDGE_CURVE('',#660,#647,#67,.T.);
#521=EDGE_CURVE('',#659,#660,#68,.T.);
#522=EDGE_CURVE('',#658,#661,#69,.T.);
#523=EDGE_CURVE('',#657,#662,#70,.T.);
#524=EDGE_CURVE('',#661,#662,#736,.T.);
#525=EDGE_CURVE('',#663,#648,#71,.T.);
#526=EDGE_CURVE('',#660,#663,#72,.T.);
#527=EDGE_CURVE('',#664,#663,#73,.T.);
#528=EDGE_CURVE('',#659,#664,#74,.T.);
#529=EDGE_CURVE('',#665,#666,#20,.T.);
#530=EDGE_CURVE('',#667,#665,#75,.T.);
#531=EDGE_CURVE('',#668,#667,#21,.F.);
#532=EDGE_CURVE('',#666,#668,#76,.T.);
#533=EDGE_CURVE('',#669,#670,#22,.T.);
#534=EDGE_CURVE('',#671,#669,#77,.T.);
#535=EDGE_CURVE('',#672,#671,#23,.F.);
#536=EDGE_CURVE('',#670,#672,#78,.T.);
#537=EDGE_CURVE('',#673,#674,#79,.T.);
#538=EDGE_CURVE('',#675,#673,#737,.T.);
#539=EDGE_CURVE('',#675,#676,#80,.T.);
#540=EDGE_CURVE('',#676,#674,#738,.T.);
#541=EDGE_CURVE('',#677,#678,#739,.T.);
#542=EDGE_CURVE('',#678,#677,#740,.T.);
#543=EDGE_CURVE('',#673,#675,#741,.T.);
#544=EDGE_CURVE('',#679,#680,#81,.T.);
#545=EDGE_CURVE('',#681,#679,#742,.T.);
#546=EDGE_CURVE('',#681,#682,#82,.T.);
#547=EDGE_CURVE('',#682,#680,#743,.T.);
#548=EDGE_CURVE('',#683,#684,#744,.T.);
#549=EDGE_CURVE('',#684,#683,#745,.T.);
#550=EDGE_CURVE('',#679,#681,#746,.T.);
#551=EDGE_CURVE('',#685,#686,#83,.T.);
#552=EDGE_CURVE('',#687,#685,#747,.T.);
#553=EDGE_CURVE('',#687,#688,#84,.T.);
#554=EDGE_CURVE('',#688,#686,#748,.T.);
#555=EDGE_CURVE('',#689,#690,#749,.T.);
#556=EDGE_CURVE('',#690,#689,#750,.T.);
#557=EDGE_CURVE('',#685,#687,#751,.T.);
#558=EDGE_CURVE('',#691,#692,#85,.T.);
#559=EDGE_CURVE('',#693,#691,#752,.T.);
#560=EDGE_CURVE('',#693,#694,#86,.T.);
#561=EDGE_CURVE('',#694,#692,#753,.T.);
#562=EDGE_CURVE('',#695,#696,#754,.T.);
#563=EDGE_CURVE('',#696,#695,#755,.T.);
#564=EDGE_CURVE('',#691,#693,#756,.T.);
#565=EDGE_CURVE('',#666,#669,#87,.T.);
#566=EDGE_CURVE('',#697,#670,#88,.T.);
#567=EDGE_CURVE('',#698,#697,#89,.T.);
#568=EDGE_CURVE('',#665,#698,#90,.T.);
#569=EDGE_CURVE('',#699,#700,#757,.T.);
#570=EDGE_CURVE('',#701,#700,#91,.T.);
#571=EDGE_CURVE('',#701,#702,#758,.T.);
#572=EDGE_CURVE('',#702,#703,#759,.T.);
#573=EDGE_CURVE('',#699,#703,#92,.T.);
#574=EDGE_CURVE('',#704,#705,#760,.T.);
#575=EDGE_CURVE('',#705,#704,#761,.T.);
#576=EDGE_CURVE('',#706,#707,#762,.T.);
#577=EDGE_CURVE('',#707,#706,#763,.T.);
#578=EDGE_CURVE('',#708,#709,#764,.T.);
#579=EDGE_CURVE('',#709,#708,#765,.T.);
#580=EDGE_CURVE('',#710,#711,#766,.T.);
#581=EDGE_CURVE('',#711,#710,#767,.T.);
#582=EDGE_CURVE('',#633,#635,#768,.T.);
#583=EDGE_CURVE('',#700,#712,#93,.T.);
#584=EDGE_CURVE('',#712,#713,#94,.T.);
#585=EDGE_CURVE('',#701,#713,#95,.T.);
#586=EDGE_CURVE('',#714,#715,#769,.T.);
#587=EDGE_CURVE('',#703,#714,#96,.T.);
#588=EDGE_CURVE('',#715,#713,#770,.T.);
#589=EDGE_CURVE('',#714,#716,#97,.T.);
#590=EDGE_CURVE('',#699,#716,#98,.T.);
#591=EDGE_CURVE('',#712,#716,#771,.T.);
#592=EDGE_CURVE('',#717,#718,#99,.T.);
#593=EDGE_CURVE('',#717,#719,#772,.T.);
#594=EDGE_CURVE('',#719,#720,#100,.T.);
#595=EDGE_CURVE('',#720,#718,#773,.T.);
#596=EDGE_CURVE('',#721,#722,#101,.T.);
#597=EDGE_CURVE('',#721,#723,#774,.T.);
#598=EDGE_CURVE('',#723,#724,#102,.T.);
#599=EDGE_CURVE('',#724,#722,#775,.T.);
#600=EDGE_CURVE('',#645,#672,#103,.T.);
#601=EDGE_CURVE('',#725,#664,#104,.T.);
#602=EDGE_CURVE('',#697,#725,#105,.T.);
#603=EDGE_CURVE('',#698,#726,#106,.T.);
#604=EDGE_CURVE('',#726,#725,#107,.T.);
#605=EDGE_CURVE('',#668,#671,#108,.T.);
#606=EDGE_CURVE('',#631,#632,#776,.F.);
#607=EDGE_CURVE('',#653,#654,#777,.T.);
#608=EDGE_CURVE('',#662,#661,#778,.T.);
#609=EDGE_CURVE('',#722,#724,#779,.T.);
#610=EDGE_CURVE('',#718,#720,#780,.T.);
#611=EDGE_CURVE('',#667,#640,#109,.T.);
#612=EDGE_CURVE('',#656,#726,#110,.T.);
#613=EDGE_CURVE('',#674,#676,#781,.T.);
#614=EDGE_CURVE('',#680,#682,#782,.T.);
#615=EDGE_CURVE('',#686,#688,#783,.T.);
#616=EDGE_CURVE('',#692,#694,#784,.T.);
#617=EDGE_CURVE('',#634,#636,#785,.T.);
#618=EDGE_CURVE('',#630,#629,#786,.F.);
#619=EDGE_CURVE('',#719,#717,#787,.T.);
#620=EDGE_CURVE('',#723,#721,#788,.T.);
#621=EDGE_CURVE('',#711,#695,#111,.T.);
#622=EDGE_CURVE('',#710,#696,#112,.T.);
#623=EDGE_CURVE('',#709,#689,#113,.T.);
#624=EDGE_CURVE('',#708,#690,#114,.T.);
#625=EDGE_CURVE('',#707,#683,#115,.T.);
#626=EDGE_CURVE('',#706,#684,#116,.T.);
#627=EDGE_CURVE('',#705,#677,#117,.T.);
#628=EDGE_CURVE('',#704,#678,#118,.T.);
#629=VERTEX_POINT('',#1315);
#630=VERTEX_POINT('',#1316);
#631=VERTEX_POINT('',#1319);
#632=VERTEX_POINT('',#1321);
#633=VERTEX_POINT('',#1333);
#634=VERTEX_POINT('',#1334);
#635=VERTEX_POINT('',#1336);
#636=VERTEX_POINT('',#1338);
#637=VERTEX_POINT('',#1364);
#638=VERTEX_POINT('',#1365);
#639=VERTEX_POINT('',#1367);
#640=VERTEX_POINT('',#1376);
#641=VERTEX_POINT('',#1402);
#642=VERTEX_POINT('',#1404);
#643=VERTEX_POINT('',#1437);
#644=VERTEX_POINT('',#1438);
#645=VERTEX_POINT('',#1440);
#646=VERTEX_POINT('',#1449);
#647=VERTEX_POINT('',#1468);
#648=VERTEX_POINT('',#1469);
#649=VERTEX_POINT('',#1491);
#650=VERTEX_POINT('',#1492);
#651=VERTEX_POINT('',#1495);
#652=VERTEX_POINT('',#1497);
#653=VERTEX_POINT('',#1508);
#654=VERTEX_POINT('',#1510);
#655=VERTEX_POINT('',#1517);
#656=VERTEX_POINT('',#1524);
#657=VERTEX_POINT('',#1531);
#658=VERTEX_POINT('',#1532);
#659=VERTEX_POINT('',#1535);
#660=VERTEX_POINT('',#1537);
#661=VERTEX_POINT('',#1548);
#662=VERTEX_POINT('',#1550);
#663=VERTEX_POINT('',#1557);
#664=VERTEX_POINT('',#1564);
#665=VERTEX_POINT('',#1590);
#666=VERTEX_POINT('',#1591);
#667=VERTEX_POINT('',#1593);
#668=VERTEX_POINT('',#1602);
#669=VERTEX_POINT('',#1628);
#670=VERTEX_POINT('',#1629);
#671=VERTEX_POINT('',#1631);
#672=VERTEX_POINT('',#1640);
#673=VERTEX_POINT('',#1651);
#674=VERTEX_POINT('',#1652);
#675=VERTEX_POINT('',#1654);
#676=VERTEX_POINT('',#1656);
#677=VERTEX_POINT('',#1663);
#678=VERTEX_POINT('',#1664);
#679=VERTEX_POINT('',#1676);
#680=VERTEX_POINT('',#1677);
#681=VERTEX_POINT('',#1679);
#682=VERTEX_POINT('',#1681);
#683=VERTEX_POINT('',#1688);
#684=VERTEX_POINT('',#1689);
#685=VERTEX_POINT('',#1701);
#686=VERTEX_POINT('',#1702);
#687=VERTEX_POINT('',#1704);
#688=VERTEX_POINT('',#1706);
#689=VERTEX_POINT('',#1713);
#690=VERTEX_POINT('',#1714);
#691=VERTEX_POINT('',#1726);
#692=VERTEX_POINT('',#1727);
#693=VERTEX_POINT('',#1729);
#694=VERTEX_POINT('',#1731);
#695=VERTEX_POINT('',#1738);
#696=VERTEX_POINT('',#1739);
#697=VERTEX_POINT('',#1748);
#698=VERTEX_POINT('',#1750);
#699=VERTEX_POINT('',#1753);
#700=VERTEX_POINT('',#1754);
#701=VERTEX_POINT('',#1756);
#702=VERTEX_POINT('',#1758);
#703=VERTEX_POINT('',#1760);
#704=VERTEX_POINT('',#1763);
#705=VERTEX_POINT('',#1764);
#706=VERTEX_POINT('',#1767);
#707=VERTEX_POINT('',#1768);
#708=VERTEX_POINT('',#1771);
#709=VERTEX_POINT('',#1772);
#710=VERTEX_POINT('',#1775);
#711=VERTEX_POINT('',#1776);
#712=VERTEX_POINT('',#1784);
#713=VERTEX_POINT('',#1786);
#714=VERTEX_POINT('',#1803);
#715=VERTEX_POINT('',#1804);
#716=VERTEX_POINT('',#1812);
#717=VERTEX_POINT('',#1832);
#718=VERTEX_POINT('',#1833);
#719=VERTEX_POINT('',#1835);
#720=VERTEX_POINT('',#1837);
#721=VERTEX_POINT('',#1848);
#722=VERTEX_POINT('',#1849);
#723=VERTEX_POINT('',#1851);
#724=VERTEX_POINT('',#1853);
#725=VERTEX_POINT('',#1861);
#726=VERTEX_POINT('',#1868);
#727=CIRCLE('',#1047,1.5);
#728=CIRCLE('',#1048,1.5);
#729=CIRCLE('',#1049,1.5);
#730=CIRCLE('',#1050,1.5);
#731=CIRCLE('',#1051,1.5);
#732=CIRCLE('',#1052,1.5);
#733=CIRCLE('',#1053,1.5);
#734=CIRCLE('',#1054,1.5);
#735=CIRCLE('',#1055,1.5);
#736=CIRCLE('',#1056,1.5);
#737=CIRCLE('',#1057,3.);
#738=CIRCLE('',#1058,3.);
#739=CIRCLE('',#1059,1.5);
#740=CIRCLE('',#1060,1.5);
#741=CIRCLE('',#1061,3.);
#742=CIRCLE('',#1062,3.);
#743=CIRCLE('',#1063,3.);
#744=CIRCLE('',#1064,1.5);
#745=CIRCLE('',#1065,1.5);
#746=CIRCLE('',#1066,3.);
#747=CIRCLE('',#1067,3.);
#748=CIRCLE('',#1068,3.);
#749=CIRCLE('',#1069,1.5);
#750=CIRCLE('',#1070,1.5);
#751=CIRCLE('',#1071,3.);
#752=CIRCLE('',#1072,3.);
#753=CIRCLE('',#1073,3.);
#754=CIRCLE('',#1074,1.5);
#755=CIRCLE('',#1075,1.5);
#756=CIRCLE('',#1076,3.);
#757=CIRCLE('',#1077,10.5);
#758=CIRCLE('',#1078,16.5);
#759=CIRCLE('',#1079,16.5);
#760=CIRCLE('',#1080,1.5);
#761=CIRCLE('',#1081,1.5);
#762=CIRCLE('',#1082,1.5);
#763=CIRCLE('',#1083,1.5);
#764=CIRCLE('',#1084,1.5);
#765=CIRCLE('',#1085,1.5);
#766=CIRCLE('',#1086,1.5);
#767=CIRCLE('',#1087,1.5);
#768=CIRCLE('',#1088,1.5);
#769=CIRCLE('',#1089,16.5);
#770=CIRCLE('',#1090,16.5);
#771=CIRCLE('',#1091,10.5);
#772=CIRCLE('',#1092,7.575);
#773=CIRCLE('',#1093,7.575);
#774=CIRCLE('',#1094,7.575);
#775=CIRCLE('',#1095,7.575);
#776=CIRCLE('',#1096,1.5);
#777=CIRCLE('',#1097,1.5);
#778=CIRCLE('',#1098,1.5);
#779=CIRCLE('',#1099,7.575);
#780=CIRCLE('',#1100,7.575);
#781=CIRCLE('',#1101,3.);
#782=CIRCLE('',#1102,3.);
#783=CIRCLE('',#1103,3.);
#784=CIRCLE('',#1104,3.);
#785=CIRCLE('',#1105,1.5);
#786=CIRCLE('',#1106,1.5);
#787=CIRCLE('',#1107,7.575);
#788=CIRCLE('',#1108,7.575);
#789=EDGE_LOOP('',(#191,#192,#193,#194));
#790=EDGE_LOOP('',(#195,#196,#197,#198));
#791=EDGE_LOOP('',(#199,#200,#201,#202));
#792=EDGE_LOOP('',(#203,#204,#205,#206));
#793=EDGE_LOOP('',(#207,#208,#209,#210));
#794=EDGE_LOOP('',(#211,#212,#213,#214));
#795=EDGE_LOOP('',(#215,#216));
#796=EDGE_LOOP('',(#217,#218,#219,#220,#221));
#797=EDGE_LOOP('',(#222,#223,#224,#225));
#798=EDGE_LOOP('',(#226,#227,#228,#229));
#799=EDGE_LOOP('',(#230,#231,#232,#233));
#800=EDGE_LOOP('',(#234,#235));
#801=EDGE_LOOP('',(#236,#237,#238,#239,#240));
#802=EDGE_LOOP('',(#241,#242,#243,#244));
#803=EDGE_LOOP('',(#245,#246,#247,#248));
#804=EDGE_LOOP('',(#249,#250,#251,#252));
#805=EDGE_LOOP('',(#253,#254,#255,#256));
#806=EDGE_LOOP('',(#257,#258,#259,#260));
#807=EDGE_LOOP('',(#261,#262,#263,#264));
#808=EDGE_LOOP('',(#265,#266));
#809=EDGE_LOOP('',(#267,#268));
#810=EDGE_LOOP('',(#269,#270,#271,#272));
#811=EDGE_LOOP('',(#273,#274));
#812=EDGE_LOOP('',(#275,#276));
#813=EDGE_LOOP('',(#277,#278,#279,#280));
#814=EDGE_LOOP('',(#281,#282));
#815=EDGE_LOOP('',(#283,#284));
#816=EDGE_LOOP('',(#285,#286,#287,#288));
#817=EDGE_LOOP('',(#289,#290));
#818=EDGE_LOOP('',(#291,#292));
#819=EDGE_LOOP('',(#293,#294,#295,#296,#297,#298));
#820=EDGE_LOOP('',(#299,#300,#301,#302,#303));
#821=EDGE_LOOP('',(#304,#305));
#822=EDGE_LOOP('',(#306,#307));
#823=EDGE_LOOP('',(#308,#309));
#824=EDGE_LOOP('',(#310,#311));
#825=EDGE_LOOP('',(#312,#313));
#826=EDGE_LOOP('',(#314,#315,#316,#317));
#827=EDGE_LOOP('',(#318,#319,#320,#321,#322,#323));
#828=EDGE_LOOP('',(#324,#325,#326,#327));
#829=EDGE_LOOP('',(#328,#329,#330,#331));
#830=EDGE_LOOP('',(#332,#333,#334,#335));
#831=EDGE_LOOP('',(#336,#337,#338,#339));
#832=EDGE_LOOP('',(#340,#341,#342,#343,#344,#345,#346,#347));
#833=EDGE_LOOP('',(#348,#349,#350,#351));
#834=EDGE_LOOP('',(#352,#353,#354,#355));
#835=EDGE_LOOP('',(#356,#357));
#836=EDGE_LOOP('',(#358,#359));
#837=EDGE_LOOP('',(#360,#361));
#838=EDGE_LOOP('',(#362,#363));
#839=EDGE_LOOP('',(#364,#365));
#840=EDGE_LOOP('',(#366,#367,#368,#369,#370,#371,#372,#373,#374,#375,#376,
#377,#378,#379,#380,#381));
#841=EDGE_LOOP('',(#382,#383));
#842=EDGE_LOOP('',(#384,#385));
#843=EDGE_LOOP('',(#386,#387));
#844=EDGE_LOOP('',(#388,#389));
#845=EDGE_LOOP('',(#390,#391));
#846=EDGE_LOOP('',(#392,#393,#394,#395,#396,#397,#398,#399));
#847=EDGE_LOOP('',(#400,#401));
#848=EDGE_LOOP('',(#402,#403,#404,#405,#406));
#849=EDGE_LOOP('',(#407,#408));
#850=EDGE_LOOP('',(#409,#410));
#851=EDGE_LOOP('',(#411,#412,#413,#414));
#852=EDGE_LOOP('',(#415,#416,#417,#418));
#853=EDGE_LOOP('',(#419,#420,#421,#422));
#854=EDGE_LOOP('',(#423,#424,#425,#426));
#855=EDGE_LOOP('',(#427,#428,#429,#430));
#856=EDGE_LOOP('',(#431,#432,#433,#434));
#857=EDGE_LOOP('',(#435,#436,#437,#438));
#858=EDGE_LOOP('',(#439,#440,#441,#442));
#859=EDGE_LOOP('',(#443,#444,#445,#446));
#860=EDGE_LOOP('',(#447,#448,#449,#450));
#861=EDGE_LOOP('',(#451,#452,#453,#454));
#862=EDGE_LOOP('',(#455,#456,#457,#458));
#863=EDGE_LOOP('',(#459,#460,#461,#462));
#864=EDGE_LOOP('',(#463,#464,#465,#466));
#865=EDGE_LOOP('',(#467,#468,#469,#470));
#866=EDGE_LOOP('',(#471,#472,#473,#474));
#867=EDGE_LOOP('',(#475,#476,#477,#478));
#868=EDGE_LOOP('',(#479,#480,#481,#482));
#869=FACE_BOUND('',#789,.T.);
#870=FACE_BOUND('',#790,.T.);
#871=FACE_BOUND('',#791,.T.);
#872=FACE_BOUND('',#792,.T.);
#873=FACE_BOUND('',#793,.T.);
#874=FACE_BOUND('',#794,.T.);
#875=FACE_BOUND('',#795,.T.);
#876=FACE_BOUND('',#796,.T.);
#877=FACE_BOUND('',#797,.T.);
#878=FACE_BOUND('',#798,.T.);
#879=FACE_BOUND('',#799,.T.);
#880=FACE_BOUND('',#800,.T.);
#881=FACE_BOUND('',#801,.T.);
#882=FACE_BOUND('',#802,.T.);
#883=FACE_BOUND('',#803,.T.);
#884=FACE_BOUND('',#804,.T.);
#885=FACE_BOUND('',#805,.T.);
#886=FACE_BOUND('',#806,.T.);
#887=FACE_BOUND('',#807,.T.);
#888=FACE_BOUND('',#808,.T.);
#889=FACE_BOUND('',#809,.T.);
#890=FACE_BOUND('',#810,.T.);
#891=FACE_BOUND('',#811,.T.);
#892=FACE_BOUND('',#812,.T.);
#893=FACE_BOUND('',#813,.T.);
#894=FACE_BOUND('',#814,.T.);
#895=FACE_BOUND('',#815,.T.);
#896=FACE_BOUND('',#816,.T.);
#897=FACE_BOUND('',#817,.T.);
#898=FACE_BOUND('',#818,.T.);
#899=FACE_BOUND('',#819,.T.);
#900=FACE_BOUND('',#820,.T.);
#901=FACE_BOUND('',#821,.T.);
#902=FACE_BOUND('',#822,.T.);
#903=FACE_BOUND('',#823,.T.);
#904=FACE_BOUND('',#824,.T.);
#905=FACE_BOUND('',#825,.T.);
#906=FACE_BOUND('',#826,.T.);
#907=FACE_BOUND('',#827,.T.);
#908=FACE_BOUND('',#828,.T.);
#909=FACE_BOUND('',#829,.T.);
#910=FACE_BOUND('',#830,.T.);
#911=FACE_BOUND('',#831,.T.);
#912=FACE_BOUND('',#832,.T.);
#913=FACE_BOUND('',#833,.T.);
#914=FACE_BOUND('',#834,.T.);
#915=FACE_BOUND('',#835,.T.);
#916=FACE_BOUND('',#836,.T.);
#917=FACE_BOUND('',#837,.T.);
#918=FACE_BOUND('',#838,.T.);
#919=FACE_BOUND('',#839,.T.);
#920=FACE_BOUND('',#840,.T.);
#921=FACE_BOUND('',#841,.T.);
#922=FACE_BOUND('',#842,.T.);
#923=FACE_BOUND('',#843,.T.);
#924=FACE_BOUND('',#844,.T.);
#925=FACE_BOUND('',#845,.T.);
#926=FACE_BOUND('',#846,.T.);
#927=FACE_BOUND('',#847,.T.);
#928=FACE_BOUND('',#848,.T.);
#929=FACE_BOUND('',#849,.T.);
#930=FACE_BOUND('',#850,.T.);
#931=FACE_BOUND('',#851,.T.);
#932=FACE_BOUND('',#852,.T.);
#933=FACE_BOUND('',#853,.T.);
#934=FACE_BOUND('',#854,.T.);
#935=FACE_BOUND('',#855,.T.);
#936=FACE_BOUND('',#856,.T.);
#937=FACE_BOUND('',#857,.T.);
#938=FACE_BOUND('',#858,.T.);
#939=FACE_BOUND('',#859,.T.);
#940=FACE_BOUND('',#860,.T.);
#941=FACE_BOUND('',#861,.T.);
#942=FACE_BOUND('',#862,.T.);
#943=FACE_BOUND('',#863,.T.);
#944=FACE_BOUND('',#864,.T.);
#945=FACE_BOUND('',#865,.T.);
#946=FACE_BOUND('',#866,.T.);
#947=FACE_BOUND('',#867,.T.);
#948=FACE_BOUND('',#868,.T.);
#949=(
BOUNDED_SURFACE()
B_SPLINE_SURFACE(3,1,((#1306,#1307),(#1308,#1309),(#1310,#1311),(#1312,
#1313)),.CYLINDRICAL_SURF.,.F.,.F.,.F.)
B_SPLINE_SURFACE_WITH_KNOTS((4,4),(2,2),(0.5,1.),(0.0454545454545473,0.954545454545453),
 .PIECEWISE_BEZIER_KNOTS.)
GEOMETRIC_REPRESENTATION_ITEM()
RATIONAL_B_SPLINE_SURFACE(((1.,1.),(0.333333333333333,0.333333333333333),
(0.333333333333333,0.333333333333333),(1.,1.)))
REPRESENTATION_ITEM('')
SURFACE()
);
#950=(
BOUNDED_SURFACE()
B_SPLINE_SURFACE(3,1,((#1324,#1325),(#1326,#1327),(#1328,#1329),(#1330,
#1331)),.CYLINDRICAL_SURF.,.F.,.F.,.F.)
B_SPLINE_SURFACE_WITH_KNOTS((4,4),(2,2),(0.,1.),(0.0454545454545455,0.954545454545455),
 .PIECEWISE_BEZIER_KNOTS.)
GEOMETRIC_REPRESENTATION_ITEM()
RATIONAL_B_SPLINE_SURFACE(((1.,1.),(0.333333333333333,0.333333333333333),
(0.333333333333333,0.333333333333333),(1.,1.)))
REPRESENTATION_ITEM('')
SURFACE()
);
#951=(
BOUNDED_SURFACE()
B_SPLINE_SURFACE(3,1,((#1499,#1500),(#1501,#1502),(#1503,#1504),(#1505,
#1506)),.CYLINDRICAL_SURF.,.F.,.F.,.F.)
B_SPLINE_SURFACE_WITH_KNOTS((4,4),(2,2),(0.,1.),(0.0454545454545454,0.954545454545455),
 .PIECEWISE_BEZIER_KNOTS.)
GEOMETRIC_REPRESENTATION_ITEM()
RATIONAL_B_SPLINE_SURFACE(((1.,1.),(0.333333333333333,0.333333333333333),
(0.333333333333333,0.333333333333333),(1.,1.)))
REPRESENTATION_ITEM('')
SURFACE()
);
#952=(
BOUNDED_SURFACE()
B_SPLINE_SURFACE(3,1,((#1539,#1540),(#1541,#1542),(#1543,#1544),(#1545,
#1546)),.CYLINDRICAL_SURF.,.F.,.F.,.F.)
B_SPLINE_SURFACE_WITH_KNOTS((4,4),(2,2),(0.,1.),(0.0454545454545453,0.954545454545455),
 .PIECEWISE_BEZIER_KNOTS.)
GEOMETRIC_REPRESENTATION_ITEM()
RATIONAL_B_SPLINE_SURFACE(((1.,1.),(0.333333333333333,0.333333333333333),
(0.333333333333333,0.333333333333333),(1.,1.)))
REPRESENTATION_ITEM('')
SURFACE()
);
#953=(
BOUNDED_SURFACE()
B_SPLINE_SURFACE(3,1,((#1642,#1643),(#1644,#1645),(#1646,#1647),(#1648,
#1649)),.CYLINDRICAL_SURF.,.F.,.F.,.F.)
B_SPLINE_SURFACE_WITH_KNOTS((4,4),(2,2),(0.,1.),(0.0454545454545455,0.954545454545454),
 .PIECEWISE_BEZIER_KNOTS.)
GEOMETRIC_REPRESENTATION_ITEM()
RATIONAL_B_SPLINE_SURFACE(((1.,1.),(0.333333333333333,0.333333333333333),
(0.333333333333333,0.333333333333333),(1.,1.)))
REPRESENTATION_ITEM('')
SURFACE()
);
#954=(
BOUNDED_SURFACE()
B_SPLINE_SURFACE(3,1,((#1667,#1668),(#1669,#1670),(#1671,#1672),(#1673,
#1674)),.CYLINDRICAL_SURF.,.F.,.F.,.F.)
B_SPLINE_SURFACE_WITH_KNOTS((4,4),(2,2),(0.,1.),(0.0454545454545455,0.954545454545454),
 .PIECEWISE_BEZIER_KNOTS.)
GEOMETRIC_REPRESENTATION_ITEM()
RATIONAL_B_SPLINE_SURFACE(((1.,1.),(0.333333333333333,0.333333333333333),
(0.333333333333333,0.333333333333333),(1.,1.)))
REPRESENTATION_ITEM('')
SURFACE()
);
#955=(
BOUNDED_SURFACE()
B_SPLINE_SURFACE(3,1,((#1692,#1693),(#1694,#1695),(#1696,#1697),(#1698,
#1699)),.CYLINDRICAL_SURF.,.F.,.F.,.F.)
B_SPLINE_SURFACE_WITH_KNOTS((4,4),(2,2),(0.,1.),(0.0454545454545455,0.954545454545454),
 .PIECEWISE_BEZIER_KNOTS.)
GEOMETRIC_REPRESENTATION_ITEM()
RATIONAL_B_SPLINE_SURFACE(((1.,1.),(0.333333333333333,0.333333333333333),
(0.333333333333333,0.333333333333333),(1.,1.)))
REPRESENTATION_ITEM('')
SURFACE()
);
#956=(
BOUNDED_SURFACE()
B_SPLINE_SURFACE(3,1,((#1717,#1718),(#1719,#1720),(#1721,#1722),(#1723,
#1724)),.CYLINDRICAL_SURF.,.F.,.F.,.F.)
B_SPLINE_SURFACE_WITH_KNOTS((4,4),(2,2),(0.,1.),(0.0454545454545455,0.954545454545454),
 .PIECEWISE_BEZIER_KNOTS.)
GEOMETRIC_REPRESENTATION_ITEM()
RATIONAL_B_SPLINE_SURFACE(((1.,1.),(0.333333333333333,0.333333333333333),
(0.333333333333333,0.333333333333333),(1.,1.)))
REPRESENTATION_ITEM('')
SURFACE()
);
#957=(
BOUNDED_SURFACE()
B_SPLINE_SURFACE(3,1,((#1788,#1789),(#1790,#1791),(#1792,#1793),(#1794,
#1795),(#1796,#1797),(#1798,#1799),(#1800,#1801)),.CYLINDRICAL_SURF.,.F.,
 .F.,.F.)
B_SPLINE_SURFACE_WITH_KNOTS((4,3,4),(2,2),(0.,0.5,1.),(0.0454545454545454,
0.954545454545454),.PIECEWISE_BEZIER_KNOTS.)
GEOMETRIC_REPRESENTATION_ITEM()
RATIONAL_B_SPLINE_SURFACE(((1.,1.),(0.753727780202838,0.753727780202838),
(0.753727780202838,0.753727780202838),(1.,1.),(0.753727780202838,0.753727780202838),
(0.753727780202838,0.753727780202838),(1.,1.)))
REPRESENTATION_ITEM('')
SURFACE()
);
#958=(
BOUNDED_SURFACE()
B_SPLINE_SURFACE(3,1,((#1814,#1815),(#1816,#1817),(#1818,#1819),(#1820,
#1821)),.CYLINDRICAL_SURF.,.F.,.F.,.F.)
B_SPLINE_SURFACE_WITH_KNOTS((4,4),(2,2),(0.,1.),(0.,1.),
 .PIECEWISE_BEZIER_KNOTS.)
GEOMETRIC_REPRESENTATION_ITEM()
RATIONAL_B_SPLINE_SURFACE(((1.,1.),(0.345112799165741,0.345112799165741),
(0.345112799165741,0.345112799165741),(1.,1.)))
REPRESENTATION_ITEM('')
SURFACE()
);
#959=(
BOUNDED_SURFACE()
B_SPLINE_SURFACE(3,1,((#1823,#1824),(#1825,#1826),(#1827,#1828),(#1829,
#1830)),.CYLINDRICAL_SURF.,.F.,.F.,.F.)
B_SPLINE_SURFACE_WITH_KNOTS((4,4),(2,2),(0.,1.),(0.0454545454545453,0.954545454545455),
 .PIECEWISE_BEZIER_KNOTS.)
GEOMETRIC_REPRESENTATION_ITEM()
RATIONAL_B_SPLINE_SURFACE(((1.,1.),(0.333333333333333,0.333333333333333),
(0.333333333333333,0.333333333333333),(1.,1.)))
REPRESENTATION_ITEM('')
SURFACE()
);
#960=(
BOUNDED_SURFACE()
B_SPLINE_SURFACE(3,1,((#1839,#1840),(#1841,#1842),(#1843,#1844),(#1845,
#1846)),.CYLINDRICAL_SURF.,.F.,.F.,.F.)
B_SPLINE_SURFACE_WITH_KNOTS((4,4),(2,2),(0.,1.),(0.0454545454545454,0.954545454545455),
 .PIECEWISE_BEZIER_KNOTS.)
GEOMETRIC_REPRESENTATION_ITEM()
RATIONAL_B_SPLINE_SURFACE(((1.,1.),(0.333333333333333,0.333333333333333),
(0.333333333333333,0.333333333333333),(1.,1.)))
REPRESENTATION_ITEM('')
SURFACE()
);
#961=(
BOUNDED_SURFACE()
B_SPLINE_SURFACE(3,1,((#1902,#1903),(#1904,#1905),(#1906,#1907),(#1908,
#1909)),.CYLINDRICAL_SURF.,.F.,.F.,.F.)
B_SPLINE_SURFACE_WITH_KNOTS((4,4),(2,2),(0.,1.),(0.0454545454545454,0.954545454545455),
 .PIECEWISE_BEZIER_KNOTS.)
GEOMETRIC_REPRESENTATION_ITEM()
RATIONAL_B_SPLINE_SURFACE(((1.,1.),(0.333333333333333,0.333333333333333),
(0.333333333333333,0.333333333333333),(1.,1.)))
REPRESENTATION_ITEM('')
SURFACE()
);
#962=(
BOUNDED_SURFACE()
B_SPLINE_SURFACE(3,1,((#1912,#1913),(#1914,#1915),(#1916,#1917),(#1918,
#1919)),.CYLINDRICAL_SURF.,.F.,.F.,.F.)
B_SPLINE_SURFACE_WITH_KNOTS((4,4),(2,2),(0.,1.),(0.0454545454545453,0.954545454545455),
 .PIECEWISE_BEZIER_KNOTS.)
GEOMETRIC_REPRESENTATION_ITEM()
RATIONAL_B_SPLINE_SURFACE(((1.,1.),(0.333333333333333,0.333333333333333),
(0.333333333333333,0.333333333333333),(1.,1.)))
REPRESENTATION_ITEM('')
SURFACE()
);
#963=(
BOUNDED_SURFACE()
B_SPLINE_SURFACE(3,1,((#1922,#1923),(#1924,#1925),(#1926,#1927),(#1928,
#1929)),.CYLINDRICAL_SURF.,.F.,.F.,.F.)
B_SPLINE_SURFACE_WITH_KNOTS((4,4),(2,2),(0.,1.),(0.0454545454545454,0.954545454545455),
 .PIECEWISE_BEZIER_KNOTS.)
GEOMETRIC_REPRESENTATION_ITEM()
RATIONAL_B_SPLINE_SURFACE(((1.,1.),(0.333333333333333,0.333333333333333),
(0.333333333333333,0.333333333333333),(1.,1.)))
REPRESENTATION_ITEM('')
SURFACE()
);
#964=(
BOUNDED_SURFACE()
B_SPLINE_SURFACE(3,1,((#1932,#1933),(#1934,#1935),(#1936,#1937),(#1938,
#1939)),.CYLINDRICAL_SURF.,.F.,.F.,.F.)
B_SPLINE_SURFACE_WITH_KNOTS((4,4),(2,2),(0.,1.),(0.0454545454545454,0.954545454545455),
 .PIECEWISE_BEZIER_KNOTS.)
GEOMETRIC_REPRESENTATION_ITEM()
RATIONAL_B_SPLINE_SURFACE(((1.,1.),(0.333333333333333,0.333333333333333),
(0.333333333333333,0.333333333333333),(1.,1.)))
REPRESENTATION_ITEM('')
SURFACE()
);
#965=(
BOUNDED_SURFACE()
B_SPLINE_SURFACE(3,1,((#1942,#1943),(#1944,#1945),(#1946,#1947),(#1948,
#1949)),.CYLINDRICAL_SURF.,.F.,.F.,.F.)
B_SPLINE_SURFACE_WITH_KNOTS((4,4),(2,2),(0.,1.),(0.0454545454545454,0.954545454545455),
 .PIECEWISE_BEZIER_KNOTS.)
GEOMETRIC_REPRESENTATION_ITEM()
RATIONAL_B_SPLINE_SURFACE(((1.,1.),(0.333333333333333,0.333333333333333),
(0.333333333333333,0.333333333333333),(1.,1.)))
REPRESENTATION_ITEM('')
SURFACE()
);
#966=(
BOUNDED_SURFACE()
B_SPLINE_SURFACE(3,1,((#1950,#1951),(#1952,#1953),(#1954,#1955),(#1956,
#1957)),.CYLINDRICAL_SURF.,.F.,.F.,.F.)
B_SPLINE_SURFACE_WITH_KNOTS((4,4),(2,2),(0.,1.),(0.0454545454545454,0.954545454545455),
 .PIECEWISE_BEZIER_KNOTS.)
GEOMETRIC_REPRESENTATION_ITEM()
RATIONAL_B_SPLINE_SURFACE(((1.,1.),(0.333333333333333,0.333333333333333),
(0.333333333333333,0.333333333333333),(1.,1.)))
REPRESENTATION_ITEM('')
SURFACE()
);
#967=(
BOUNDED_SURFACE()
B_SPLINE_SURFACE(3,1,((#1958,#1959),(#1960,#1961),(#1962,#1963),(#1964,
#1965)),.CYLINDRICAL_SURF.,.F.,.F.,.F.)
B_SPLINE_SURFACE_WITH_KNOTS((4,4),(2,2),(0.,1.),(0.0454545454545454,0.954545454545455),
 .PIECEWISE_BEZIER_KNOTS.)
GEOMETRIC_REPRESENTATION_ITEM()
RATIONAL_B_SPLINE_SURFACE(((1.,1.),(0.333333333333333,0.333333333333333),
(0.333333333333333,0.333333333333333),(1.,1.)))
REPRESENTATION_ITEM('')
SURFACE()
);
#968=(
BOUNDED_SURFACE()
B_SPLINE_SURFACE(3,1,((#1966,#1967),(#1968,#1969),(#1970,#1971),(#1972,
#1973)),.CYLINDRICAL_SURF.,.F.,.F.,.F.)
B_SPLINE_SURFACE_WITH_KNOTS((4,4),(2,2),(0.,1.),(0.0454545454545453,0.954545454545455),
 .PIECEWISE_BEZIER_KNOTS.)
GEOMETRIC_REPRESENTATION_ITEM()
RATIONAL_B_SPLINE_SURFACE(((1.,1.),(0.333333333333333,0.333333333333333),
(0.333333333333333,0.333333333333333),(1.,1.)))
REPRESENTATION_ITEM('')
SURFACE()
);
#969=(
BOUNDED_SURFACE()
B_SPLINE_SURFACE(3,1,((#1974,#1975),(#1976,#1977),(#1978,#1979),(#1980,
#1981)),.CYLINDRICAL_SURF.,.F.,.F.,.F.)
B_SPLINE_SURFACE_WITH_KNOTS((4,4),(2,2),(0.,1.),(0.0454545454545453,0.954545454545455),
 .PIECEWISE_BEZIER_KNOTS.)
GEOMETRIC_REPRESENTATION_ITEM()
RATIONAL_B_SPLINE_SURFACE(((1.,1.),(0.333333333333333,0.333333333333333),
(0.333333333333333,0.333333333333333),(1.,1.)))
REPRESENTATION_ITEM('')
SURFACE()
);
#970=(
BOUNDED_SURFACE()
B_SPLINE_SURFACE(3,1,((#1982,#1983),(#1984,#1985),(#1986,#1987),(#1988,
#1989)),.CYLINDRICAL_SURF.,.F.,.F.,.F.)
B_SPLINE_SURFACE_WITH_KNOTS((4,4),(2,2),(0.,1.),(0.0454545454545454,0.954545454545455),
 .PIECEWISE_BEZIER_KNOTS.)
GEOMETRIC_REPRESENTATION_ITEM()
RATIONAL_B_SPLINE_SURFACE(((1.,1.),(0.333333333333333,0.333333333333333),
(0.333333333333333,0.333333333333333),(1.,1.)))
REPRESENTATION_ITEM('')
SURFACE()
);
#971=(
BOUNDED_SURFACE()
B_SPLINE_SURFACE(3,1,((#1990,#1991),(#1992,#1993),(#1994,#1995),(#1996,
#1997)),.CYLINDRICAL_SURF.,.F.,.F.,.F.)
B_SPLINE_SURFACE_WITH_KNOTS((4,4),(2,2),(0.,1.),(0.0454545454545454,0.954545454545454),
 .PIECEWISE_BEZIER_KNOTS.)
GEOMETRIC_REPRESENTATION_ITEM()
RATIONAL_B_SPLINE_SURFACE(((1.,1.),(0.333333333333333,0.333333333333333),
(0.333333333333333,0.333333333333333),(1.,1.)))
REPRESENTATION_ITEM('')
SURFACE()
);
#972=(
BOUNDED_SURFACE()
B_SPLINE_SURFACE(3,1,((#1998,#1999),(#2000,#2001),(#2002,#2003),(#2004,
#2005)),.CYLINDRICAL_SURF.,.F.,.F.,.F.)
B_SPLINE_SURFACE_WITH_KNOTS((4,4),(2,2),(0.,1.),(0.0454545454545455,0.954545454545454),
 .PIECEWISE_BEZIER_KNOTS.)
GEOMETRIC_REPRESENTATION_ITEM()
RATIONAL_B_SPLINE_SURFACE(((1.,1.),(0.333333333333333,0.333333333333333),
(0.333333333333333,0.333333333333333),(1.,1.)))
REPRESENTATION_ITEM('')
SURFACE()
);
#973=(
BOUNDED_SURFACE()
B_SPLINE_SURFACE(3,1,((#2006,#2007),(#2008,#2009),(#2010,#2011),(#2012,
#2013)),.CYLINDRICAL_SURF.,.F.,.F.,.F.)
B_SPLINE_SURFACE_WITH_KNOTS((4,4),(2,2),(0.,1.),(0.0454545454545455,0.954545454545454),
 .PIECEWISE_BEZIER_KNOTS.)
GEOMETRIC_REPRESENTATION_ITEM()
RATIONAL_B_SPLINE_SURFACE(((1.,1.),(0.333333333333333,0.333333333333333),
(0.333333333333333,0.333333333333333),(1.,1.)))
REPRESENTATION_ITEM('')
SURFACE()
);
#974=(
BOUNDED_SURFACE()
B_SPLINE_SURFACE(3,1,((#2014,#2015),(#2016,#2017),(#2018,#2019),(#2020,
#2021)),.CYLINDRICAL_SURF.,.F.,.F.,.F.)
B_SPLINE_SURFACE_WITH_KNOTS((4,4),(2,2),(0.,1.),(0.0454545454545455,0.954545454545454),
 .PIECEWISE_BEZIER_KNOTS.)
GEOMETRIC_REPRESENTATION_ITEM()
RATIONAL_B_SPLINE_SURFACE(((1.,1.),(0.333333333333333,0.333333333333333),
(0.333333333333333,0.333333333333333),(1.,1.)))
REPRESENTATION_ITEM('')
SURFACE()
);
#975=(
BOUNDED_SURFACE()
B_SPLINE_SURFACE(3,1,((#2022,#2023),(#2024,#2025),(#2026,#2027),(#2028,
#2029)),.CYLINDRICAL_SURF.,.F.,.F.,.F.)
B_SPLINE_SURFACE_WITH_KNOTS((4,4),(2,2),(0.,1.),(0.0454545454545453,0.954545454545455),
 .PIECEWISE_BEZIER_KNOTS.)
GEOMETRIC_REPRESENTATION_ITEM()
RATIONAL_B_SPLINE_SURFACE(((1.,1.),(0.333333333333333,0.333333333333333),
(0.333333333333333,0.333333333333333),(1.,1.)))
REPRESENTATION_ITEM('')
SURFACE()
);
#976=(
BOUNDED_SURFACE()
B_SPLINE_SURFACE(3,1,((#2030,#2031),(#2032,#2033),(#2034,#2035),(#2036,
#2037)),.CYLINDRICAL_SURF.,.F.,.F.,.F.)
B_SPLINE_SURFACE_WITH_KNOTS((4,4),(2,2),(0.,1.),(0.0454545454545454,0.954545454545455),
 .PIECEWISE_BEZIER_KNOTS.)
GEOMETRIC_REPRESENTATION_ITEM()
RATIONAL_B_SPLINE_SURFACE(((1.,1.),(0.333333333333333,0.333333333333333),
(0.333333333333333,0.333333333333333),(1.,1.)))
REPRESENTATION_ITEM('')
SURFACE()
);
#977=(
BOUNDED_SURFACE()
B_SPLINE_SURFACE(3,1,((#2038,#2039),(#2040,#2041),(#2042,#2043),(#2044,
#2045)),.CYLINDRICAL_SURF.,.F.,.F.,.F.)
B_SPLINE_SURFACE_WITH_KNOTS((4,4),(2,2),(0.,1.),(0.0454545454545455,0.954545454545455),
 .PIECEWISE_BEZIER_KNOTS.)
GEOMETRIC_REPRESENTATION_ITEM()
RATIONAL_B_SPLINE_SURFACE(((1.,1.),(0.333333333333333,0.333333333333333),
(0.333333333333333,0.333333333333333),(1.,1.)))
REPRESENTATION_ITEM('')
SURFACE()
);
#978=(
BOUNDED_SURFACE()
B_SPLINE_SURFACE(3,1,((#2046,#2047),(#2048,#2049),(#2050,#2051),(#2052,
#2053)),.CYLINDRICAL_SURF.,.F.,.F.,.F.)
B_SPLINE_SURFACE_WITH_KNOTS((4,4),(2,2),(0.,0.5),(0.0454545454545474,0.954545454545453),
 .PIECEWISE_BEZIER_KNOTS.)
GEOMETRIC_REPRESENTATION_ITEM()
RATIONAL_B_SPLINE_SURFACE(((1.,1.),(0.333333333333333,0.333333333333333),
(0.333333333333333,0.333333333333333),(1.,1.)))
REPRESENTATION_ITEM('')
SURFACE()
);
#979=ADVANCED_FACE('',(#869),#949,.F.);
#980=ADVANCED_FACE('',(#870),#950,.F.);
#981=ADVANCED_FACE('',(#871),#24,.F.);
#982=ADVANCED_FACE('',(#872),#25,.T.);
#983=ADVANCED_FACE('',(#873),#26,.F.);
#984=ADVANCED_FACE('',(#874),#27,.T.);
#985=ADVANCED_FACE('',(#875,#876),#28,.F.);
#986=ADVANCED_FACE('',(#877),#951,.F.);
#987=ADVANCED_FACE('',(#878),#29,.F.);
#988=ADVANCED_FACE('',(#879),#30,.F.);
#989=ADVANCED_FACE('',(#880,#881),#31,.F.);
#990=ADVANCED_FACE('',(#882),#952,.F.);
#991=ADVANCED_FACE('',(#883),#32,.F.);
#992=ADVANCED_FACE('',(#884),#33,.F.);
#993=ADVANCED_FACE('',(#885),#34,.T.);
#994=ADVANCED_FACE('',(#886),#35,.T.);
#995=ADVANCED_FACE('',(#887),#953,.F.);
#996=ADVANCED_FACE('',(#888,#889),#36,.T.);
#997=ADVANCED_FACE('',(#890),#954,.F.);
#998=ADVANCED_FACE('',(#891,#892),#37,.T.);
#999=ADVANCED_FACE('',(#893),#955,.F.);
#1000=ADVANCED_FACE('',(#894,#895),#38,.T.);
#1001=ADVANCED_FACE('',(#896),#956,.F.);
#1002=ADVANCED_FACE('',(#897,#898),#39,.T.);
#1003=ADVANCED_FACE('',(#899,#900,#901,#902,#903,#904,#905),#40,.F.);
#1004=ADVANCED_FACE('',(#906),#41,.T.);
#1005=ADVANCED_FACE('',(#907),#957,.F.);
#1006=ADVANCED_FACE('',(#908),#42,.T.);
#1007=ADVANCED_FACE('',(#909),#958,.F.);
#1008=ADVANCED_FACE('',(#910),#959,.F.);
#1009=ADVANCED_FACE('',(#911),#960,.F.);
#1010=ADVANCED_FACE('',(#912),#43,.T.);
#1011=ADVANCED_FACE('',(#913),#44,.T.);
#1012=ADVANCED_FACE('',(#914),#45,.F.);
#1013=ADVANCED_FACE('',(#915,#916,#917,#918,#919,#920,#921,#922,#923,#924,
#925),#46,.T.);
#1014=ADVANCED_FACE('',(#926),#47,.T.);
#1015=ADVANCED_FACE('',(#927,#928,#929,#930),#48,.T.);
#1016=ADVANCED_FACE('',(#931),#961,.F.);
#1017=ADVANCED_FACE('',(#932),#962,.F.);
#1018=ADVANCED_FACE('',(#933),#963,.F.);
#1019=ADVANCED_FACE('',(#934),#964,.F.);
#1020=ADVANCED_FACE('',(#935),#965,.F.);
#1021=ADVANCED_FACE('',(#936),#966,.F.);
#1022=ADVANCED_FACE('',(#937),#967,.F.);
#1023=ADVANCED_FACE('',(#938),#968,.F.);
#1024=ADVANCED_FACE('',(#939),#969,.F.);
#1025=ADVANCED_FACE('',(#940),#970,.F.);
#1026=ADVANCED_FACE('',(#941),#971,.F.);
#1027=ADVANCED_FACE('',(#942),#972,.F.);
#1028=ADVANCED_FACE('',(#943),#973,.F.);
#1029=ADVANCED_FACE('',(#944),#974,.F.);
#1030=ADVANCED_FACE('',(#945),#975,.F.);
#1031=ADVANCED_FACE('',(#946),#976,.F.);
#1032=ADVANCED_FACE('',(#947),#977,.F.);
#1033=ADVANCED_FACE('',(#948),#978,.F.);
#1034=CLOSED_SHELL('',(#979,#980,#981,#982,#983,#984,#985,#986,#987,#988,
#989,#990,#991,#992,#993,#994,#995,#996,#997,#998,#999,#1000,#1001,#1002,
#1003,#1004,#1005,#1006,#1007,#1008,#1009,#1010,#1011,#1012,#1013,#1014,
#1015,#1016,#1017,#1018,#1019,#1020,#1021,#1022,#1023,#1024,#1025,#1026,
#1027,#1028,#1029,#1030,#1031,#1032,#1033));
#1035=STYLED_ITEM('',(#1036),#1043);
#1036=PRESENTATION_STYLE_ASSIGNMENT((#1037));
#1037=SURFACE_STYLE_USAGE(.BOTH.,#1038);
#1038=SURFACE_SIDE_STYLE('',(#1039));
#1039=SURFACE_STYLE_FILL_AREA(#1040);
#1040=FILL_AREA_STYLE('',(#1041));
#1041=FILL_AREA_STYLE_COLOUR('',#1042);
#1042=COLOUR_RGB('',0.815686274509804,0.815686274509804,0.815686274509804);
#1043=MANIFOLD_SOLID_BREP('Front Gearbox Cover',#1034);
#1044=SHAPE_DEFINITION_REPRESENTATION(#2060,#1045);
#1045=SHAPE_REPRESENTATION('Front Gearbox Cover',(#1046),#2055);
#1046=AXIS2_PLACEMENT_3D('',#1305,#1109,#1110);
#1047=AXIS2_PLACEMENT_3D('',#1314,#1111,#1112);
#1048=AXIS2_PLACEMENT_3D('',#1320,#1113,#1114);
#1049=AXIS2_PLACEMENT_3D('',#1335,#1116,#1117);
#1050=AXIS2_PLACEMENT_3D('',#1339,#1119,#1120);
#1051=AXIS2_PLACEMENT_3D('',#1490,#1127,#1128);
#1052=AXIS2_PLACEMENT_3D('',#1493,#1129,#1130);
#1053=AXIS2_PLACEMENT_3D('',#1511,#1136,#1137);
#1054=AXIS2_PLACEMENT_3D('',#1530,#1142,#1143);
#1055=AXIS2_PLACEMENT_3D('',#1533,#1144,#1145);
#1056=AXIS2_PLACEMENT_3D('',#1551,#1151,#1152);
#1057=AXIS2_PLACEMENT_3D('',#1653,#1162,#1163);
#1058=AXIS2_PLACEMENT_3D('',#1657,#1165,#1166);
#1059=AXIS2_PLACEMENT_3D('',#1662,#1167,#1168);
#1060=AXIS2_PLACEMENT_3D('',#1665,#1169,#1170);
#1061=AXIS2_PLACEMENT_3D('',#1666,#1171,#1172);
#1062=AXIS2_PLACEMENT_3D('',#1678,#1174,#1175);
#1063=AXIS2_PLACEMENT_3D('',#1682,#1177,#1178);
#1064=AXIS2_PLACEMENT_3D('',#1687,#1179,#1180);
#1065=AXIS2_PLACEMENT_3D('',#1690,#1181,#1182);
#1066=AXIS2_PLACEMENT_3D('',#1691,#1183,#1184);
#1067=AXIS2_PLACEMENT_3D('',#1703,#1186,#1187);
#1068=AXIS2_PLACEMENT_3D('',#1707,#1189,#1190);
#1069=AXIS2_PLACEMENT_3D('',#1712,#1191,#1192);
#1070=AXIS2_PLACEMENT_3D('',#1715,#1193,#1194);
#1071=AXIS2_PLACEMENT_3D('',#1716,#1195,#1196);
#1072=AXIS2_PLACEMENT_3D('',#1728,#1198,#1199);
#1073=AXIS2_PLACEMENT_3D('',#1732,#1201,#1202);
#1074=AXIS2_PLACEMENT_3D('',#1737,#1203,#1204);
#1075=AXIS2_PLACEMENT_3D('',#1740,#1205,#1206);
#1076=AXIS2_PLACEMENT_3D('',#1741,#1207,#1208);
#1077=AXIS2_PLACEMENT_3D('',#1752,#1213,#1214);
#1078=AXIS2_PLACEMENT_3D('',#1757,#1216,#1217);
#1079=AXIS2_PLACEMENT_3D('',#1759,#1218,#1219);
#1080=AXIS2_PLACEMENT_3D('',#1762,#1221,#1222);
#1081=AXIS2_PLACEMENT_3D('',#1765,#1223,#1224);
#1082=AXIS2_PLACEMENT_3D('',#1766,#1225,#1226);
#1083=AXIS2_PLACEMENT_3D('',#1769,#1227,#1228);
#1084=AXIS2_PLACEMENT_3D('',#1770,#1229,#1230);
#1085=AXIS2_PLACEMENT_3D('',#1773,#1231,#1232);
#1086=AXIS2_PLACEMENT_3D('',#1774,#1233,#1234);
#1087=AXIS2_PLACEMENT_3D('',#1777,#1235,#1236);
#1088=AXIS2_PLACEMENT_3D('',#1778,#1237,#1238);
#1089=AXIS2_PLACEMENT_3D('',#1802,#1242,#1243);
#1090=AXIS2_PLACEMENT_3D('',#1806,#1245,#1246);
#1091=AXIS2_PLACEMENT_3D('',#1822,#1249,#1250);
#1092=AXIS2_PLACEMENT_3D('',#1834,#1252,#1253);
#1093=AXIS2_PLACEMENT_3D('',#1838,#1255,#1256);
#1094=AXIS2_PLACEMENT_3D('',#1850,#1258,#1259);
#1095=AXIS2_PLACEMENT_3D('',#1854,#1261,#1262);
#1096=AXIS2_PLACEMENT_3D('',#1879,#1269,#1270);
#1097=AXIS2_PLACEMENT_3D('',#1880,#1271,#1272);
#1098=AXIS2_PLACEMENT_3D('',#1881,#1273,#1274);
#1099=AXIS2_PLACEMENT_3D('',#1882,#1275,#1276);
#1100=AXIS2_PLACEMENT_3D('',#1883,#1277,#1278);
#1101=AXIS2_PLACEMENT_3D('',#1886,#1281,#1282);
#1102=AXIS2_PLACEMENT_3D('',#1887,#1283,#1284);
#1103=AXIS2_PLACEMENT_3D('',#1888,#1285,#1286);
#1104=AXIS2_PLACEMENT_3D('',#1889,#1287,#1288);
#1105=AXIS2_PLACEMENT_3D('',#1890,#1289,#1290);
#1106=AXIS2_PLACEMENT_3D('',#1899,#1291,#1292);
#1107=AXIS2_PLACEMENT_3D('',#1900,#1293,#1294);
#1108=AXIS2_PLACEMENT_3D('',#1901,#1295,#1296);
#1109=DIRECTION('',(0.,0.,1.));
#1110=DIRECTION('',(1.,0.,0.));
#1111=DIRECTION('',(-2.46519032881566E-32,1.,0.));
#1112=DIRECTION('',(1.,2.46519032881566E-32,0.));
#1113=DIRECTION('',(0.,-1.,0.));
#1114=DIRECTION('',(-1.,0.,0.));
#1115=DIRECTION('',(0.,-1.,0.));
#1116=DIRECTION('',(0.,-1.,0.));
#1117=DIRECTION('',(0.,0.,-1.));
#1118=DIRECTION('',(0.,-1.,0.));
#1119=DIRECTION('',(0.,-1.,0.));
#1120=DIRECTION('',(0.,0.,-1.));
#1121=DIRECTION('',(0.,1.,0.));
#1122=DIRECTION('',(0.,-1.,0.));
#1123=DIRECTION('',(0.,1.,0.));
#1124=DIRECTION('',(0.,1.,0.));
#1125=DIRECTION('',(0.,-1.,0.));
#1126=DIRECTION('',(0.,-1.,0.));
#1127=DIRECTION('',(0.,-1.,0.));
#1128=DIRECTION('',(0.,0.,-1.));
#1129=DIRECTION('',(0.,-1.,0.));
#1130=DIRECTION('',(0.,0.,-1.));
#1131=DIRECTION('',(0.,0.,1.));
#1132=DIRECTION('',(0.,0.,-1.));
#1133=DIRECTION('',(-1.,0.,0.));
#1134=DIRECTION('',(0.,-1.,0.));
#1135=DIRECTION('',(0.,-1.,0.));
#1136=DIRECTION('',(0.,-1.,0.));
#1137=DIRECTION('',(0.,0.,-1.));
#1138=DIRECTION('',(0.,0.,1.));
#1139=DIRECTION('',(0.,-1.,0.));
#1140=DIRECTION('',(-1.,0.,0.));
#1141=DIRECTION('',(0.,-1.,0.));
#1142=DIRECTION('',(0.,1.,0.));
#1143=DIRECTION('',(0.,0.,-1.));
#1144=DIRECTION('',(0.,1.,0.));
#1145=DIRECTION('',(0.,0.,-1.));
#1146=DIRECTION('',(0.,0.,-1.));
#1147=DIRECTION('',(0.,0.,1.));
#1148=DIRECTION('',(1.,0.,0.));
#1149=DIRECTION('',(0.,-1.,0.));
#1150=DIRECTION('',(0.,-1.,0.));
#1151=DIRECTION('',(0.,1.,0.));
#1152=DIRECTION('',(0.,0.,-1.));
#1153=DIRECTION('',(0.,0.,1.));
#1154=DIRECTION('',(0.,-1.,0.));
#1155=DIRECTION('',(1.,0.,0.));
#1156=DIRECTION('',(0.,-1.,0.));
#1157=DIRECTION('',(0.,1.,0.));
#1158=DIRECTION('',(0.,-1.,0.));
#1159=DIRECTION('',(0.,1.,0.));
#1160=DIRECTION('',(0.,-1.,0.));
#1161=DIRECTION('',(0.,-1.,0.));
#1162=DIRECTION('',(0.,-1.,0.));
#1163=DIRECTION('',(0.,0.,-1.));
#1164=DIRECTION('',(0.,-1.,0.));
#1165=DIRECTION('',(0.,-1.,0.));
#1166=DIRECTION('',(0.,0.,-1.));
#1167=DIRECTION('',(0.,-1.,0.));
#1168=DIRECTION('',(0.,0.,-1.));
#1169=DIRECTION('',(0.,-1.,0.));
#1170=DIRECTION('',(0.,0.,-1.));
#1171=DIRECTION('',(0.,-1.,0.));
#1172=DIRECTION('',(0.,0.,-1.));
#1173=DIRECTION('',(0.,-1.,0.));
#1174=DIRECTION('',(0.,-1.,0.));
#1175=DIRECTION('',(0.,0.,-1.));
#1176=DIRECTION('',(0.,-1.,0.));
#1177=DIRECTION('',(0.,-1.,0.));
#1178=DIRECTION('',(0.,0.,-1.));
#1179=DIRECTION('',(0.,-1.,0.));
#1180=DIRECTION('',(0.,0.,-1.));
#1181=DIRECTION('',(0.,-1.,0.));
#1182=DIRECTION('',(0.,0.,-1.));
#1183=DIRECTION('',(0.,-1.,0.));
#1184=DIRECTION('',(0.,0.,-1.));
#1185=DIRECTION('',(0.,-1.,0.));
#1186=DIRECTION('',(0.,-1.,0.));
#1187=DIRECTION('',(0.,0.,-1.));
#1188=DIRECTION('',(0.,-1.,0.));
#1189=DIRECTION('',(0.,-1.,0.));
#1190=DIRECTION('',(0.,0.,-1.));
#1191=DIRECTION('',(0.,-1.,0.));
#1192=DIRECTION('',(0.,0.,-1.));
#1193=DIRECTION('',(0.,-1.,0.));
#1194=DIRECTION('',(0.,0.,-1.));
#1195=DIRECTION('',(0.,-1.,0.));
#1196=DIRECTION('',(0.,0.,-1.));
#1197=DIRECTION('',(0.,-1.,0.));
#1198=DIRECTION('',(0.,-1.,0.));
#1199=DIRECTION('',(0.,0.,-1.));
#1200=DIRECTION('',(0.,-1.,0.));
#1201=DIRECTION('',(0.,-1.,0.));
#1202=DIRECTION('',(0.,0.,-1.));
#1203=DIRECTION('',(0.,-1.,0.));
#1204=DIRECTION('',(0.,0.,-1.));
#1205=DIRECTION('',(0.,-1.,0.));
#1206=DIRECTION('',(0.,0.,-1.));
#1207=DIRECTION('',(0.,-1.,0.));
#1208=DIRECTION('',(0.,0.,-1.));
#1209=DIRECTION('',(1.,0.,0.));
#1210=DIRECTION('',(0.,0.,1.));
#1211=DIRECTION('',(1.,0.,0.));
#1212=DIRECTION('',(0.,0.,-1.));
#1213=DIRECTION('',(0.,-1.,0.));
#1214=DIRECTION('',(0.,0.,-1.));
#1215=DIRECTION('',(0.94669027613225,0.,-0.322145186331637));
#1216=DIRECTION('',(0.,-1.,0.));
#1217=DIRECTION('',(0.,0.,-1.));
#1218=DIRECTION('',(0.,-1.,0.));
#1219=DIRECTION('',(0.,0.,-1.));
#1220=DIRECTION('',(-0.996445763451706,0.,-0.0842368120191346));
#1221=DIRECTION('',(0.,-1.,0.));
#1222=DIRECTION('',(0.,0.,-1.));
#1223=DIRECTION('',(0.,-1.,0.));
#1224=DIRECTION('',(0.,0.,-1.));
#1225=DIRECTION('',(0.,-1.,0.));
#1226=DIRECTION('',(0.,0.,-1.));
#1227=DIRECTION('',(0.,-1.,0.));
#1228=DIRECTION('',(0.,0.,-1.));
#1229=DIRECTION('',(0.,-1.,0.));
#1230=DIRECTION('',(0.,0.,-1.));
#1231=DIRECTION('',(0.,-1.,0.));
#1232=DIRECTION('',(0.,0.,-1.));
#1233=DIRECTION('',(0.,-1.,0.));
#1234=DIRECTION('',(0.,0.,-1.));
#1235=DIRECTION('',(0.,-1.,0.));
#1236=DIRECTION('',(0.,0.,-1.));
#1237=DIRECTION('',(0.,-1.,0.));
#1238=DIRECTION('',(0.,0.,-1.));
#1239=DIRECTION('',(0.,-1.,0.));
#1240=DIRECTION('',(-0.94669027613225,0.,0.322145186331637));
#1241=DIRECTION('',(0.,-1.,0.));
#1242=DIRECTION('',(0.,1.,0.));
#1243=DIRECTION('',(0.,0.,1.));
#1244=DIRECTION('',(0.,-1.,0.));
#1245=DIRECTION('',(0.,1.,0.));
#1246=DIRECTION('',(0.,0.,1.));
#1247=DIRECTION('',(0.996445763451706,0.,0.0842368120191346));
#1248=DIRECTION('',(0.,-1.,0.));
#1249=DIRECTION('',(0.,1.,0.));
#1250=DIRECTION('',(0.,0.,1.));
#1251=DIRECTION('',(0.,-1.,0.));
#1252=DIRECTION('',(0.,1.,0.));
#1253=DIRECTION('',(0.,0.,1.));
#1254=DIRECTION('',(0.,-1.,0.));
#1255=DIRECTION('',(0.,-1.,0.));
#1256=DIRECTION('',(0.,0.,-1.));
#1257=DIRECTION('',(0.,-1.,0.));
#1258=DIRECTION('',(0.,1.,0.));
#1259=DIRECTION('',(0.,0.,1.));
#1260=DIRECTION('',(0.,-1.,0.));
#1261=DIRECTION('',(0.,-1.,0.));
#1262=DIRECTION('',(0.,0.,-1.));
#1263=DIRECTION('',(0.,0.,1.));
#1264=DIRECTION('',(0.,0.,1.));
#1265=DIRECTION('',(0.,-1.,0.));
#1266=DIRECTION('',(0.,-1.,0.));
#1267=DIRECTION('',(1.,0.,0.));
#1268=DIRECTION('',(1.,0.,0.));
#1269=DIRECTION('',(0.,-1.,0.));
#1270=DIRECTION('',(-1.,0.,0.));
#1271=DIRECTION('',(0.,-1.,0.));
#1272=DIRECTION('',(0.,0.,-1.));
#1273=DIRECTION('',(0.,1.,0.));
#1274=DIRECTION('',(0.,0.,-1.));
#1275=DIRECTION('',(0.,-1.,0.));
#1276=DIRECTION('',(0.,0.,-1.));
#1277=DIRECTION('',(0.,-1.,0.));
#1278=DIRECTION('',(0.,0.,-1.));
#1279=DIRECTION('',(0.,0.,-1.));
#1280=DIRECTION('',(0.,0.,-1.));
#1281=DIRECTION('',(0.,-1.,0.));
#1282=DIRECTION('',(0.,0.,-1.));
#1283=DIRECTION('',(0.,-1.,0.));
#1284=DIRECTION('',(0.,0.,-1.));
#1285=DIRECTION('',(0.,-1.,0.));
#1286=DIRECTION('',(0.,0.,-1.));
#1287=DIRECTION('',(0.,-1.,0.));
#1288=DIRECTION('',(0.,0.,-1.));
#1289=DIRECTION('',(0.,-1.,0.));
#1290=DIRECTION('',(0.,0.,-1.));
#1291=DIRECTION('',(-2.46519032881566E-32,1.,0.));
#1292=DIRECTION('',(1.,2.46519032881566E-32,0.));
#1293=DIRECTION('',(0.,1.,0.));
#1294=DIRECTION('',(0.,0.,1.));
#1295=DIRECTION('',(0.,1.,0.));
#1296=DIRECTION('',(0.,0.,1.));
#1297=DIRECTION('',(0.,-1.,0.));
#1298=DIRECTION('',(0.,-1.,0.));
#1299=DIRECTION('',(0.,-1.,0.));
#1300=DIRECTION('',(0.,-1.,0.));
#1301=DIRECTION('',(0.,-1.,0.));
#1302=DIRECTION('',(0.,-1.,0.));
#1303=DIRECTION('',(0.,-1.,0.));
#1304=DIRECTION('',(0.,-1.,0.));
#1305=CARTESIAN_POINT('',(0.,0.,0.));
#1306=CARTESIAN_POINT('',(8.70542252864535,4.,-3.20634418011742));
#1307=CARTESIAN_POINT('',(8.70542252864535,-1.0842021724855E-16,-3.20634418011742));
#1308=CARTESIAN_POINT('',(8.70542252864535,4.,-0.20634418011742));
#1309=CARTESIAN_POINT('',(8.70542252864535,-2.84603070277445E-16,-0.20634418011742));
#1310=CARTESIAN_POINT('',(5.70542252864535,4.,-0.20634418011742));
#1311=CARTESIAN_POINT('',(5.70542252864535,-2.84603070277445E-16,-0.20634418011742));
#1312=CARTESIAN_POINT('',(5.70542252864535,4.,-3.20634418011742));
#1313=CARTESIAN_POINT('',(5.70542252864535,-1.0842021724855E-16,-3.20634418011742));
#1314=CARTESIAN_POINT('',(7.20542252864535,4.,-3.20634418011742));
#1315=CARTESIAN_POINT('',(8.70542252864535,4.,-3.20634418011742));
#1316=CARTESIAN_POINT('',(5.70542252864535,4.,-3.20634418011742));
#1317=CARTESIAN_POINT('',(8.70542252864535,4.20000000000001,-3.20634418011742));
#1318=CARTESIAN_POINT('',(8.70542252864535,-0.200000000000006,-3.20634418011742));
#1319=CARTESIAN_POINT('',(8.70542252864535,0.,-3.20634418011742));
#1320=CARTESIAN_POINT('',(7.20542252864535,0.,-3.20634418011742));
#1321=CARTESIAN_POINT('',(5.70542252864535,0.,-3.20634418011742));
#1322=CARTESIAN_POINT('',(5.70542252864535,4.20000000000001,-3.20634418011742));
#1323=CARTESIAN_POINT('',(5.70542252864535,-0.200000000000006,-3.20634418011742));
#1324=CARTESIAN_POINT('',(22.7341862221068,14.,10.822419513344));
#1325=CARTESIAN_POINT('',(22.7341862221068,-1.73472347597681E-15,10.822419513344));
#1326=CARTESIAN_POINT('',(25.7341862221068,14.,10.822419513344));
#1327=CARTESIAN_POINT('',(25.7341862221068,-1.70761842166467E-15,10.822419513344));
#1328=CARTESIAN_POINT('',(25.7341862221068,14.,13.822419513344));
#1329=CARTESIAN_POINT('',(25.7341862221068,-1.70761842166467E-15,13.822419513344));
#1330=CARTESIAN_POINT('',(22.7341862221068,14.,13.822419513344));
#1331=CARTESIAN_POINT('',(22.7341862221068,-1.73472347597681E-15,13.822419513344));
#1332=CARTESIAN_POINT('',(22.7341862221068,7.,13.822419513344));
#1333=CARTESIAN_POINT('',(22.7341862221068,14.,13.822419513344));
#1334=CARTESIAN_POINT('',(22.7341862221068,-8.67361737988404E-16,13.822419513344));
#1335=CARTESIAN_POINT('',(22.7341862221068,14.,12.322419513344));
#1336=CARTESIAN_POINT('',(22.7341862221068,14.,10.822419513344));
#1337=CARTESIAN_POINT('',(22.7341862221068,7.,10.822419513344));
#1338=CARTESIAN_POINT('',(22.7341862221068,-8.67361737988404E-16,10.822419513344));
#1339=CARTESIAN_POINT('',(22.7341862221068,-8.67361737988404E-16,12.322419513344));
#1340=CARTESIAN_POINT('',(-37.9585689656756,-9.21571846612679E-16,-9.91560131998954));
#1341=CARTESIAN_POINT('',(-37.9585689656756,5.25,-9.91560131998954));
#1342=CARTESIAN_POINT('',(-37.9585689656756,-9.21571846612679E-16,-10.4781013199895));
#1343=CARTESIAN_POINT('',(-37.9585689656756,5.25,-10.4781013199895));
#1344=CARTESIAN_POINT('',(-37.9585689656756,-9.21571846612679E-16,-11.0406013199895));
#1345=CARTESIAN_POINT('',(-37.9585689656756,5.25,-11.0406013199895));
#1346=CARTESIAN_POINT('',(-38.3335689656756,-9.21571846612679E-16,-12.4156013199895));
#1347=CARTESIAN_POINT('',(-38.3335689656755,5.25,-12.4156013199895));
#1348=CARTESIAN_POINT('',(-39.2085689656755,-9.21571846612679E-16,-13.2906013199895));
#1349=CARTESIAN_POINT('',(-39.2085689656755,5.25,-13.2906013199895));
#1350=CARTESIAN_POINT('',(-40.5835689656755,-9.21571846612679E-16,-13.6656013199895));
#1351=CARTESIAN_POINT('',(-40.5835689656755,5.25,-13.6656013199895));
#1352=CARTESIAN_POINT('',(-41.1460689656755,-9.21571846612679E-16,-13.6656013199895));
#1353=CARTESIAN_POINT('',(-41.1460689656755,5.25,-13.6656013199895));
#1354=CARTESIAN_POINT('',(-41.7085689656755,-9.21571846612679E-16,-13.6656013199895));
#1355=CARTESIAN_POINT('',(-41.7085689656755,5.25,-13.6656013199895));
#1356=CARTESIAN_POINT('',(-37.9585689656756,5.25,-9.91560131998954));
#1357=CARTESIAN_POINT('',(-37.9585689656756,5.25,-10.4781013199895));
#1358=CARTESIAN_POINT('',(-37.9585689656756,5.25,-11.0406013199895));
#1359=CARTESIAN_POINT('',(-38.3335689656755,5.25,-12.4156013199895));
#1360=CARTESIAN_POINT('',(-39.2085689656755,5.25,-13.2906013199895));
#1361=CARTESIAN_POINT('',(-40.5835689656755,5.25,-13.6656013199895));
#1362=CARTESIAN_POINT('',(-41.1460689656755,5.25,-13.6656013199895));
#1363=CARTESIAN_POINT('',(-41.7085689656755,5.25,-13.6656013199895));
#1364=CARTESIAN_POINT('',(-41.7085689656755,5.25,-13.6656013199895));
#1365=CARTESIAN_POINT('',(-37.9585689656756,5.25,-9.91560131998954));
#1366=CARTESIAN_POINT('',(-41.7085689656755,2.625,-13.6656013199895));
#1367=CARTESIAN_POINT('',(-41.7085689656755,-8.67361737988404E-16,-13.6656013199895));
#1368=CARTESIAN_POINT('',(-37.9585689656756,-8.67361737988404E-16,-9.91560131998954));
#1369=CARTESIAN_POINT('',(-37.9585689656756,-8.67361737988404E-16,-10.4781013199895));
#1370=CARTESIAN_POINT('',(-37.9585689656756,-8.67361737988404E-16,-11.0406013199895));
#1371=CARTESIAN_POINT('',(-38.3335689656755,-8.67361737988404E-16,-12.4156013199895));
#1372=CARTESIAN_POINT('',(-39.2085689656755,-8.67361737988404E-16,-13.2906013199895));
#1373=CARTESIAN_POINT('',(-40.5835689656755,-8.67361737988404E-16,-13.6656013199895));
#1374=CARTESIAN_POINT('',(-41.1460689656755,-8.67361737988404E-16,-13.6656013199895));
#1375=CARTESIAN_POINT('',(-41.7085689656755,-8.67361737988404E-16,-13.6656013199895));
#1376=CARTESIAN_POINT('',(-37.9585689656756,-8.67361737988404E-16,-9.91560131998954));
#1377=CARTESIAN_POINT('',(-37.9585689656756,2.625,-9.91560131998954));
#1378=CARTESIAN_POINT('',(-41.7085689656755,5.25,-13.6656013199895));
#1379=CARTESIAN_POINT('',(-41.7085689656755,-8.13151629364128E-16,-13.6656013199895));
#1380=CARTESIAN_POINT('',(-42.2710689656755,5.25,-13.6656013199895));
#1381=CARTESIAN_POINT('',(-42.2710689656755,-8.13151629364128E-16,-13.6656013199895));
#1382=CARTESIAN_POINT('',(-42.8335689656755,5.25,-13.6656013199895));
#1383=CARTESIAN_POINT('',(-42.8335689656755,-8.13151629364128E-16,-13.6656013199895));
#1384=CARTESIAN_POINT('',(-44.2085689656755,5.25,-14.0406013199895));
#1385=CARTESIAN_POINT('',(-44.2085689656755,-8.13151629364128E-16,-14.0406013199895));
#1386=CARTESIAN_POINT('',(-45.0835689656755,5.25,-14.9156013199895));
#1387=CARTESIAN_POINT('',(-45.0835689656755,-8.13151629364128E-16,-14.9156013199895));
#1388=CARTESIAN_POINT('',(-45.4585689656755,5.25,-16.2906013199896));
#1389=CARTESIAN_POINT('',(-45.4585689656755,-8.13151629364128E-16,-16.2906013199896));
#1390=CARTESIAN_POINT('',(-45.4585689656755,5.25,-16.8531013199896));
#1391=CARTESIAN_POINT('',(-45.4585689656755,-8.13151629364128E-16,-16.8531013199896));
#1392=CARTESIAN_POINT('',(-45.4585689656755,5.25,-17.4156013199896));
#1393=CARTESIAN_POINT('',(-45.4585689656755,-8.13151629364128E-16,-17.4156013199896));
#1394=CARTESIAN_POINT('',(-41.7085689656755,5.24999999999994,-13.6656013199895));
#1395=CARTESIAN_POINT('',(-42.2710689656755,5.24999999999994,-13.6656013199895));
#1396=CARTESIAN_POINT('',(-42.8335689656755,5.24999999999994,-13.6656013199895));
#1397=CARTESIAN_POINT('',(-44.2085689656755,5.24999999999994,-14.0406013199895));
#1398=CARTESIAN_POINT('',(-45.0835689656755,5.24999999999994,-14.9156013199895));
#1399=CARTESIAN_POINT('',(-45.4585689656755,5.24999999999994,-16.2906013199896));
#1400=CARTESIAN_POINT('',(-45.4585689656755,5.24999999999994,-16.8531013199896));
#1401=CARTESIAN_POINT('',(-45.4585689656755,5.24999999999994,-17.4156013199896));
#1402=CARTESIAN_POINT('',(-45.4585689656755,5.25,-17.4156013199896));
#1403=CARTESIAN_POINT('',(-45.4585689656755,2.62500000000004,-17.4156013199896));
#1404=CARTESIAN_POINT('',(-45.4585689656755,-8.67361737988404E-16,-17.4156013199896));
#1405=CARTESIAN_POINT('',(-41.7085689656755,-8.67361737988404E-16,-13.6656013199895));
#1406=CARTESIAN_POINT('',(-42.2710689656755,-8.67361737988404E-16,-13.6656013199895));
#1407=CARTESIAN_POINT('',(-42.8335689656755,-8.67361737988404E-16,-13.6656013199895));
#1408=CARTESIAN_POINT('',(-44.2085689656755,-8.67361737988404E-16,-14.0406013199895));
#1409=CARTESIAN_POINT('',(-45.0835689656755,-8.67361737988404E-16,-14.9156013199895));
#1410=CARTESIAN_POINT('',(-45.4585689656755,-8.67361737988404E-16,-16.2906013199896));
#1411=CARTESIAN_POINT('',(-45.4585689656755,-8.67361737988404E-16,-16.8531013199896));
#1412=CARTESIAN_POINT('',(-45.4585689656755,-8.67361737988404E-16,-17.4156013199896));
#1413=CARTESIAN_POINT('',(43.1779710343245,-8.13151629364128E-16,-13.6656013199895));
#1414=CARTESIAN_POINT('',(43.1779710343245,5.25,-13.6656013199895));
#1415=CARTESIAN_POINT('',(42.6154710343245,-8.13151629364128E-16,-13.6656013199895));
#1416=CARTESIAN_POINT('',(42.6154710343245,5.25,-13.6656013199895));
#1417=CARTESIAN_POINT('',(42.0529710343245,-8.13151629364128E-16,-13.6656013199895));
#1418=CARTESIAN_POINT('',(42.0529710343245,5.25,-13.6656013199895));
#1419=CARTESIAN_POINT('',(40.6779710343245,-8.13151629364128E-16,-13.2906013199895));
#1420=CARTESIAN_POINT('',(40.6779710343245,5.25,-13.2906013199895));
#1421=CARTESIAN_POINT('',(39.8029710343245,-8.13151629364128E-16,-12.4156013199895));
#1422=CARTESIAN_POINT('',(39.8029710343245,5.25,-12.4156013199895));
#1423=CARTESIAN_POINT('',(39.4279710343245,-8.13151629364128E-16,-11.0406013199895));
#1424=CARTESIAN_POINT('',(39.4279710343245,5.25,-11.0406013199895));
#1425=CARTESIAN_POINT('',(39.4279710343245,-8.13151629364128E-16,-10.4781013199895));
#1426=CARTESIAN_POINT('',(39.4279710343245,5.25,-10.4781013199895));
#1427=CARTESIAN_POINT('',(39.4279710343245,-8.13151629364128E-16,-9.91560131998954));
#1428=CARTESIAN_POINT('',(39.4279710343245,5.25,-9.91560131998954));
#1429=CARTESIAN_POINT('',(43.1779710343245,5.25,-13.6656013199895));
#1430=CARTESIAN_POINT('',(42.6154710343245,5.25,-13.6656013199895));
#1431=CARTESIAN_POINT('',(42.0529710343245,5.25,-13.6656013199895));
#1432=CARTESIAN_POINT('',(40.6779710343245,5.25,-13.2906013199895));
#1433=CARTESIAN_POINT('',(39.8029710343245,5.25,-12.4156013199895));
#1434=CARTESIAN_POINT('',(39.4279710343245,5.25,-11.0406013199895));
#1435=CARTESIAN_POINT('',(39.4279710343245,5.25,-10.4781013199895));
#1436=CARTESIAN_POINT('',(39.4279710343245,5.25,-9.91560131998954));
#1437=CARTESIAN_POINT('',(39.4279710343245,5.25,-9.91560131998954));
#1438=CARTESIAN_POINT('',(43.1779710343245,5.25,-13.6656013199895));
#1439=CARTESIAN_POINT('',(39.4279710343245,2.625,-9.91560131998954));
#1440=CARTESIAN_POINT('',(39.4279710343245,-8.67361737988404E-16,-9.91560131998954));
#1441=CARTESIAN_POINT('',(43.1779710343245,-8.67361737988404E-16,-13.6656013199895));
#1442=CARTESIAN_POINT('',(42.6154710343245,-8.67361737988404E-16,-13.6656013199895));
#1443=CARTESIAN_POINT('',(42.0529710343245,-8.67361737988404E-16,-13.6656013199895));
#1444=CARTESIAN_POINT('',(40.6779710343245,-8.67361737988404E-16,-13.2906013199895));
#1445=CARTESIAN_POINT('',(39.8029710343245,-8.67361737988404E-16,-12.4156013199895));
#1446=CARTESIAN_POINT('',(39.4279710343245,-8.67361737988404E-16,-11.0406013199895));
#1447=CARTESIAN_POINT('',(39.4279710343245,-8.67361737988404E-16,-10.4781013199895));
#1448=CARTESIAN_POINT('',(39.4279710343245,-8.67361737988404E-16,-9.91560131998954));
#1449=CARTESIAN_POINT('',(43.1779710343245,-8.67361737988404E-16,-13.6656013199895));
#1450=CARTESIAN_POINT('',(43.1779710343245,2.625,-13.6656013199895));
#1451=CARTESIAN_POINT('',(46.9279710343245,5.25,-17.4156013199896));
#1452=CARTESIAN_POINT('',(46.9279710343245,-8.13151629364128E-16,-17.4156013199896));
#1453=CARTESIAN_POINT('',(46.9279710343245,5.25,-16.8531013199896));
#1454=CARTESIAN_POINT('',(46.9279710343245,-8.13151629364128E-16,-16.8531013199896));
#1455=CARTESIAN_POINT('',(46.9279710343245,5.25,-16.2906013199896));
#1456=CARTESIAN_POINT('',(46.9279710343245,-8.13151629364128E-16,-16.2906013199896));
#1457=CARTESIAN_POINT('',(46.5529710343245,5.25,-14.9156013199895));
#1458=CARTESIAN_POINT('',(46.5529710343245,-8.13151629364128E-16,-14.9156013199895));
#1459=CARTESIAN_POINT('',(45.6779710343245,5.25,-14.0406013199895));
#1460=CARTESIAN_POINT('',(45.6779710343245,-8.13151629364128E-16,-14.0406013199895));
#1461=CARTESIAN_POINT('',(44.3029710343245,5.25,-13.6656013199895));
#1462=CARTESIAN_POINT('',(44.3029710343245,-8.13151629364128E-16,-13.6656013199895));
#1463=CARTESIAN_POINT('',(43.7404710343245,5.25,-13.6656013199895));
#1464=CARTESIAN_POINT('',(43.7404710343245,-8.13151629364128E-16,-13.6656013199895));
#1465=CARTESIAN_POINT('',(43.1779710343245,5.25,-13.6656013199895));
#1466=CARTESIAN_POINT('',(43.1779710343245,-8.13151629364128E-16,-13.6656013199895));
#1467=CARTESIAN_POINT('',(46.9279710343245,2.62500000000004,-17.4156013199896));
#1468=CARTESIAN_POINT('',(46.9279710343245,5.25,-17.4156013199896));
#1469=CARTESIAN_POINT('',(46.9279710343245,-8.67361737988404E-16,-17.4156013199896));
#1470=CARTESIAN_POINT('',(46.9279710343245,5.24999999999987,-17.4156013199896));
#1471=CARTESIAN_POINT('',(46.9279710343245,5.24999999999987,-16.8531013199896));
#1472=CARTESIAN_POINT('',(46.9279710343245,5.24999999999987,-16.2906013199896));
#1473=CARTESIAN_POINT('',(46.5529710343245,5.24999999999987,-14.9156013199895));
#1474=CARTESIAN_POINT('',(45.6779710343245,5.24999999999987,-14.0406013199895));
#1475=CARTESIAN_POINT('',(44.3029710343245,5.24999999999987,-13.6656013199895));
#1476=CARTESIAN_POINT('',(43.7404710343245,5.24999999999987,-13.6656013199895));
#1477=CARTESIAN_POINT('',(43.1779710343245,5.24999999999987,-13.6656013199895));
#1478=CARTESIAN_POINT('',(46.9279710343245,-8.67361737988404E-16,-17.4156013199896));
#1479=CARTESIAN_POINT('',(46.9279710343245,-8.67361737988404E-16,-16.8531013199896));
#1480=CARTESIAN_POINT('',(46.9279710343245,-8.67361737988404E-16,-16.2906013199896));
#1481=CARTESIAN_POINT('',(46.5529710343245,-8.67361737988404E-16,-14.9156013199895));
#1482=CARTESIAN_POINT('',(45.6779710343245,-8.67361737988404E-16,-14.0406013199895));
#1483=CARTESIAN_POINT('',(44.3029710343245,-8.67361737988404E-16,-13.6656013199895));
#1484=CARTESIAN_POINT('',(43.7404710343245,-8.67361737988404E-16,-13.6656013199895));
#1485=CARTESIAN_POINT('',(43.1779710343245,-8.67361737988404E-16,-13.6656013199895));
#1486=CARTESIAN_POINT('',(-45.8335689656755,5.25,-21.7314763199896));
#1487=CARTESIAN_POINT('',(-45.8335689656755,5.25,-9.28222631998954));
#1488=CARTESIAN_POINT('',(-37.5835689656756,5.25,-21.7314763199896));
#1489=CARTESIAN_POINT('',(-37.5835689656756,5.25,-9.28222631998954));
#1490=CARTESIAN_POINT('',(-41.7085689656755,5.25,-17.4156013199896));
#1491=CARTESIAN_POINT('',(-41.7085689656755,5.25,-18.9156013199895));
#1492=CARTESIAN_POINT('',(-41.7085689656755,5.25,-15.9156013199896));
#1493=CARTESIAN_POINT('',(-41.7085689656755,5.25,-17.4156013199896));
#1494=CARTESIAN_POINT('',(-45.4585689656755,5.25,-17.4156013199896));
#1495=CARTESIAN_POINT('',(-45.4585689656755,5.25,-21.1656013199896));
#1496=CARTESIAN_POINT('',(-37.9585689656756,5.25,0.334398680010454));
#1497=CARTESIAN_POINT('',(-37.9585689656756,5.25,-21.1656013199896));
#1498=CARTESIAN_POINT('',(-41.7085689656755,5.25,-21.1656013199896));
#1499=CARTESIAN_POINT('',(-41.7085689656755,5.25,-18.9156013199896));
#1500=CARTESIAN_POINT('',(-41.7085689656755,-8.13151629364128E-16,-18.9156013199896));
#1501=CARTESIAN_POINT('',(-38.7085689656755,5.25,-18.9156013199895));
#1502=CARTESIAN_POINT('',(-38.7085689656755,-1.21972744404619E-15,-18.9156013199896));
#1503=CARTESIAN_POINT('',(-38.7085689656755,5.25,-15.9156013199896));
#1504=CARTESIAN_POINT('',(-38.7085689656755,-1.21972744404619E-15,-15.9156013199896));
#1505=CARTESIAN_POINT('',(-41.7085689656755,5.25,-15.9156013199896));
#1506=CARTESIAN_POINT('',(-41.7085689656755,-8.13151629364128E-16,-15.9156013199896));
#1507=CARTESIAN_POINT('',(-41.7085689656755,2.625,-15.9156013199896));
#1508=CARTESIAN_POINT('',(-41.7085689656755,-8.67361737988404E-16,-15.9156013199896));
#1509=CARTESIAN_POINT('',(-41.7085689656755,2.625,-18.9156013199895));
#1510=CARTESIAN_POINT('',(-41.7085689656755,-8.67361737988404E-16,-18.9156013199895));
#1511=CARTESIAN_POINT('',(-41.7085689656755,-8.67361737988404E-16,-17.4156013199896));
#1512=CARTESIAN_POINT('',(-45.4585689656755,-0.262500000000001,-17.2281013199896));
#1513=CARTESIAN_POINT('',(-45.4585689656755,5.5125,-17.2281013199896));
#1514=CARTESIAN_POINT('',(-45.4585689656755,-0.262500000000001,-21.3531013199896));
#1515=CARTESIAN_POINT('',(-45.4585689656755,5.5125,-21.3531013199896));
#1516=CARTESIAN_POINT('',(-45.4585689656755,-8.67361737988404E-16,-17.4156013199896));
#1517=CARTESIAN_POINT('',(-45.4585689656755,-8.67361737988404E-16,-21.1656013199896));
#1518=CARTESIAN_POINT('',(-45.4585689656755,5.25,-21.1656013199896));
#1519=CARTESIAN_POINT('',(-45.8335689656755,-0.262500000000001,-21.1656013199896));
#1520=CARTESIAN_POINT('',(-45.8335689656755,5.5125,-21.1656013199896));
#1521=CARTESIAN_POINT('',(-37.5835689656756,-0.262500000000001,-21.1656013199896));
#1522=CARTESIAN_POINT('',(-37.5835689656756,5.5125,-21.1656013199896));
#1523=CARTESIAN_POINT('',(-41.7085689656755,-8.67361737988404E-16,-21.1656013199896));
#1524=CARTESIAN_POINT('',(-37.9585689656756,-8.67361737988404E-16,-21.1656013199896));
#1525=CARTESIAN_POINT('',(-37.9585689656756,5.25,-21.1656013199896));
#1526=CARTESIAN_POINT('',(47.3029710343245,5.25,-9.28222631998954));
#1527=CARTESIAN_POINT('',(47.3029710343245,5.25,-21.7314763199896));
#1528=CARTESIAN_POINT('',(39.0529710343245,5.25,-9.28222631998954));
#1529=CARTESIAN_POINT('',(39.0529710343245,5.25,-21.7314763199896));
#1530=CARTESIAN_POINT('',(43.1779710343245,5.25,-17.4156013199896));
#1531=CARTESIAN_POINT('',(43.1779710343245,5.25,-18.9156013199895));
#1532=CARTESIAN_POINT('',(43.1779710343245,5.25,-15.9156013199896));
#1533=CARTESIAN_POINT('',(43.1779710343245,5.25,-17.4156013199896));
#1534=CARTESIAN_POINT('',(39.4279710343245,5.25,0.334398680010454));
#1535=CARTESIAN_POINT('',(39.4279710343245,5.25,-21.1656013199896));
#1536=CARTESIAN_POINT('',(46.9279710343245,5.25,-17.4156013199896));
#1537=CARTESIAN_POINT('',(46.9279710343245,5.25,-21.1656013199896));
#1538=CARTESIAN_POINT('',(43.1779710343245,5.25,-21.1656013199896));
#1539=CARTESIAN_POINT('',(43.1779710343245,5.25,-18.9156013199896));
#1540=CARTESIAN_POINT('',(43.1779710343245,-8.13151629364128E-16,-18.9156013199896));
#1541=CARTESIAN_POINT('',(46.1779710343245,5.25,-18.9156013199895));
#1542=CARTESIAN_POINT('',(46.1779710343245,-1.21972744404619E-15,-18.9156013199896));
#1543=CARTESIAN_POINT('',(46.1779710343245,5.25,-15.9156013199895));
#1544=CARTESIAN_POINT('',(46.1779710343245,-1.21972744404619E-15,-15.9156013199896));
#1545=CARTESIAN_POINT('',(43.1779710343245,5.25,-15.9156013199896));
#1546=CARTESIAN_POINT('',(43.1779710343245,-8.13151629364128E-16,-15.9156013199896));
#1547=CARTESIAN_POINT('',(43.1779710343245,2.625,-15.9156013199896));
#1548=CARTESIAN_POINT('',(43.1779710343245,-8.67361737988404E-16,-15.9156013199896));
#1549=CARTESIAN_POINT('',(43.1779710343245,2.625,-18.9156013199895));
#1550=CARTESIAN_POINT('',(43.1779710343245,-8.67361737988404E-16,-18.9156013199895));
#1551=CARTESIAN_POINT('',(43.1779710343245,-8.67361737988404E-16,-17.4156013199896));
#1552=CARTESIAN_POINT('',(46.9279710343245,5.5125,-17.2281013199896));
#1553=CARTESIAN_POINT('',(46.9279710343245,-0.262500000000001,-17.2281013199896));
#1554=CARTESIAN_POINT('',(46.9279710343245,5.5125,-21.3531013199896));
#1555=CARTESIAN_POINT('',(46.9279710343245,-0.262500000000001,-21.3531013199896));
#1556=CARTESIAN_POINT('',(46.9279710343245,-8.67361737988404E-16,-17.4156013199896));
#1557=CARTESIAN_POINT('',(46.9279710343245,-8.67361737988404E-16,-21.1656013199896));
#1558=CARTESIAN_POINT('',(46.9279710343245,5.25,-21.1656013199896));
#1559=CARTESIAN_POINT('',(47.3029710343245,5.5125,-21.1656013199896));
#1560=CARTESIAN_POINT('',(47.3029710343245,-0.262500000000001,-21.1656013199896));
#1561=CARTESIAN_POINT('',(39.0529710343245,5.5125,-21.1656013199896));
#1562=CARTESIAN_POINT('',(39.0529710343245,-0.262500000000001,-21.1656013199896));
#1563=CARTESIAN_POINT('',(43.1779710343245,-8.67361737988404E-16,-21.1656013199896));
#1564=CARTESIAN_POINT('',(39.4279710343245,-8.67361737988404E-16,-21.1656013199896));
#1565=CARTESIAN_POINT('',(39.4279710343245,5.25,-21.1656013199896));
#1566=CARTESIAN_POINT('',(-37.9585689656756,-8.67361737988404E-16,21.8343986800105));
#1567=CARTESIAN_POINT('',(-37.9585689656756,14.,21.8343986800104));
#1568=CARTESIAN_POINT('',(-37.9585689656756,-8.67361737988404E-16,22.9593986800105));
#1569=CARTESIAN_POINT('',(-37.9585689656756,14.,22.9593986800104));
#1570=CARTESIAN_POINT('',(-37.9585689656756,-8.67361737988404E-16,24.0843986800105));
#1571=CARTESIAN_POINT('',(-37.9585689656756,14.,24.0843986800105));
#1572=CARTESIAN_POINT('',(-37.2085689656755,-8.67361737988404E-16,26.8343986800104));
#1573=CARTESIAN_POINT('',(-37.2085689656755,14.,26.8343986800104));
#1574=CARTESIAN_POINT('',(-35.4585689656755,-8.67361737988404E-16,28.5843986800105));
#1575=CARTESIAN_POINT('',(-35.4585689656755,14.,28.5843986800105));
#1576=CARTESIAN_POINT('',(-32.7085689656755,-8.67361737988404E-16,29.3343986800104));
#1577=CARTESIAN_POINT('',(-32.7085689656755,14.,29.3343986800104));
#1578=CARTESIAN_POINT('',(-31.5835689656755,-8.67361737988404E-16,29.3343986800104));
#1579=CARTESIAN_POINT('',(-31.5835689656755,14.,29.3343986800104));
#1580=CARTESIAN_POINT('',(-30.4585689656755,-8.67361737988404E-16,29.3343986800104));
#1581=CARTESIAN_POINT('',(-30.4585689656755,14.,29.3343986800104));
#1582=CARTESIAN_POINT('',(-37.9585689656756,14.,21.8343986800104));
#1583=CARTESIAN_POINT('',(-37.9585689656756,14.,22.9593986800104));
#1584=CARTESIAN_POINT('',(-37.9585689656756,14.,24.0843986800105));
#1585=CARTESIAN_POINT('',(-37.2085689656755,14.,26.8343986800104));
#1586=CARTESIAN_POINT('',(-35.4585689656755,14.,28.5843986800105));
#1587=CARTESIAN_POINT('',(-32.7085689656755,14.,29.3343986800104));
#1588=CARTESIAN_POINT('',(-31.5835689656755,14.,29.3343986800104));
#1589=CARTESIAN_POINT('',(-30.4585689656755,14.,29.3343986800104));
#1590=CARTESIAN_POINT('',(-37.9585689656756,14.,21.8343986800104));
#1591=CARTESIAN_POINT('',(-30.4585689656755,14.,29.3343986800104));
#1592=CARTESIAN_POINT('',(-37.9585689656756,7.,21.8343986800104));
#1593=CARTESIAN_POINT('',(-37.9585689656756,-8.67361737988404E-16,21.8343986800104));
#1594=CARTESIAN_POINT('',(-37.9585689656756,-8.67361737988404E-16,21.8343986800104));
#1595=CARTESIAN_POINT('',(-37.9585689656756,-8.67361737988404E-16,22.9593986800104));
#1596=CARTESIAN_POINT('',(-37.9585689656756,-8.67361737988404E-16,24.0843986800105));
#1597=CARTESIAN_POINT('',(-37.2085689656755,-8.67361737988404E-16,26.8343986800104));
#1598=CARTESIAN_POINT('',(-35.4585689656755,-8.67361737988404E-16,28.5843986800105));
#1599=CARTESIAN_POINT('',(-32.7085689656755,-8.67361737988404E-16,29.3343986800104));
#1600=CARTESIAN_POINT('',(-31.5835689656755,-8.67361737988404E-16,29.3343986800104));
#1601=CARTESIAN_POINT('',(-30.4585689656755,-8.67361737988404E-16,29.3343986800104));
#1602=CARTESIAN_POINT('',(-30.4585689656755,-8.67361737988404E-16,29.3343986800104));
#1603=CARTESIAN_POINT('',(-30.4585689656755,7.,29.3343986800104));
#1604=CARTESIAN_POINT('',(31.9279710343245,-8.67361737988404E-16,29.3343986800104));
#1605=CARTESIAN_POINT('',(31.9279710343245,14.,29.3343986800104));
#1606=CARTESIAN_POINT('',(33.0529710343245,-8.67361737988404E-16,29.3343986800104));
#1607=CARTESIAN_POINT('',(33.0529710343245,14.,29.3343986800104));
#1608=CARTESIAN_POINT('',(34.1779710343245,-8.67361737988404E-16,29.3343986800104));
#1609=CARTESIAN_POINT('',(34.1779710343245,14.,29.3343986800104));
#1610=CARTESIAN_POINT('',(36.9279710343245,-8.67361737988404E-16,28.5843986800105));
#1611=CARTESIAN_POINT('',(36.9279710343245,14.,28.5843986800105));
#1612=CARTESIAN_POINT('',(38.6779710343245,-8.67361737988404E-16,26.8343986800104));
#1613=CARTESIAN_POINT('',(38.6779710343245,14.,26.8343986800104));
#1614=CARTESIAN_POINT('',(39.4279710343245,-8.67361737988404E-16,24.0843986800105));
#1615=CARTESIAN_POINT('',(39.4279710343245,14.,24.0843986800105));
#1616=CARTESIAN_POINT('',(39.4279710343245,-8.67361737988404E-16,22.9593986800105));
#1617=CARTESIAN_POINT('',(39.4279710343245,14.,22.9593986800104));
#1618=CARTESIAN_POINT('',(39.4279710343245,-8.67361737988404E-16,21.8343986800105));
#1619=CARTESIAN_POINT('',(39.4279710343245,14.,21.8343986800104));
#1620=CARTESIAN_POINT('',(31.9279710343245,14.,29.3343986800104));
#1621=CARTESIAN_POINT('',(33.0529710343245,14.,29.3343986800104));
#1622=CARTESIAN_POINT('',(34.1779710343245,14.,29.3343986800104));
#1623=CARTESIAN_POINT('',(36.9279710343245,14.,28.5843986800105));
#1624=CARTESIAN_POINT('',(38.6779710343245,14.,26.8343986800104));
#1625=CARTESIAN_POINT('',(39.4279710343245,14.,24.0843986800105));
#1626=CARTESIAN_POINT('',(39.4279710343245,14.,22.9593986800104));
#1627=CARTESIAN_POINT('',(39.4279710343245,14.,21.8343986800104));
#1628=CARTESIAN_POINT('',(31.9279710343245,14.,29.3343986800104));
#1629=CARTESIAN_POINT('',(39.4279710343245,14.,21.8343986800104));
#1630=CARTESIAN_POINT('',(31.9279710343245,7.,29.3343986800104));
#1631=CARTESIAN_POINT('',(31.9279710343245,-8.67361737988404E-16,29.3343986800104));
#1632=CARTESIAN_POINT('',(31.9279710343245,-8.67361737988404E-16,29.3343986800104));
#1633=CARTESIAN_POINT('',(33.0529710343245,-8.67361737988404E-16,29.3343986800104));
#1634=CARTESIAN_POINT('',(34.1779710343245,-8.67361737988404E-16,29.3343986800104));
#1635=CARTESIAN_POINT('',(36.9279710343245,-8.67361737988404E-16,28.5843986800105));
#1636=CARTESIAN_POINT('',(38.6779710343245,-8.67361737988404E-16,26.8343986800104));
#1637=CARTESIAN_POINT('',(39.4279710343245,-8.67361737988404E-16,24.0843986800105));
#1638=CARTESIAN_POINT('',(39.4279710343245,-8.67361737988404E-16,22.9593986800104));
#1639=CARTESIAN_POINT('',(39.4279710343245,-8.67361737988404E-16,21.8343986800104));
#1640=CARTESIAN_POINT('',(39.4279710343245,-8.67361737988404E-16,21.8343986800104));
#1641=CARTESIAN_POINT('',(39.4279710343245,7.,21.8343986800104));
#1642=CARTESIAN_POINT('',(-30.8875011538101,3.5,19.263330868145));
#1643=CARTESIAN_POINT('',(-30.8875011538101,-8.67361737988404E-16,19.263330868145));
#1644=CARTESIAN_POINT('',(-24.8875011538101,3.5,19.263330868145));
#1645=CARTESIAN_POINT('',(-24.8875011538101,-1.2603850255144E-15,19.263330868145));
#1646=CARTESIAN_POINT('',(-24.8875011538101,3.5,25.263330868145));
#1647=CARTESIAN_POINT('',(-24.8875011538101,-1.2603850255144E-15,25.263330868145));
#1648=CARTESIAN_POINT('',(-30.8875011538101,3.5,25.2633308681449));
#1649=CARTESIAN_POINT('',(-30.8875011538101,-8.67361737988404E-16,25.263330868145));
#1650=CARTESIAN_POINT('',(-30.8875011538101,1.75,25.263330868145));
#1651=CARTESIAN_POINT('',(-30.8875011538101,3.5,25.263330868145));
#1652=CARTESIAN_POINT('',(-30.8875011538101,-8.67361737988404E-16,25.263330868145));
#1653=CARTESIAN_POINT('',(-30.8875011538101,3.5,22.263330868145));
#1654=CARTESIAN_POINT('',(-30.8875011538101,3.5,19.263330868145));
#1655=CARTESIAN_POINT('',(-30.8875011538101,1.75,19.263330868145));
#1656=CARTESIAN_POINT('',(-30.8875011538101,-8.67361737988404E-16,19.263330868145));
#1657=CARTESIAN_POINT('',(-30.8875011538101,-8.67361737988404E-16,22.263330868145));
#1658=CARTESIAN_POINT('',(-34.2271011538101,3.5,18.923730868145));
#1659=CARTESIAN_POINT('',(-34.2271011538101,3.5,25.602930868145));
#1660=CARTESIAN_POINT('',(-27.5479011538101,3.5,18.923730868145));
#1661=CARTESIAN_POINT('',(-27.5479011538101,3.5,25.602930868145));
#1662=CARTESIAN_POINT('',(-30.8875011538101,3.5,22.263330868145));
#1663=CARTESIAN_POINT('',(-30.8875011538101,3.5,23.763330868145));
#1664=CARTESIAN_POINT('',(-30.8875011538101,3.5,20.7633308681449));
#1665=CARTESIAN_POINT('',(-30.8875011538101,3.5,22.263330868145));
#1666=CARTESIAN_POINT('',(-30.8875011538101,3.5,22.263330868145));
#1667=CARTESIAN_POINT('',(32.356903222459,3.5,-27.9156013199896));
#1668=CARTESIAN_POINT('',(32.356903222459,-8.67361737988404E-16,-27.9156013199895));
#1669=CARTESIAN_POINT('',(38.356903222459,3.5,-27.9156013199896));
#1670=CARTESIAN_POINT('',(38.356903222459,-1.2603850255144E-15,-27.9156013199896));
#1671=CARTESIAN_POINT('',(38.356903222459,3.5,-21.9156013199896));
#1672=CARTESIAN_POINT('',(38.356903222459,-1.2603850255144E-15,-21.9156013199896));
#1673=CARTESIAN_POINT('',(32.356903222459,3.5,-21.9156013199896));
#1674=CARTESIAN_POINT('',(32.356903222459,-8.67361737988404E-16,-21.9156013199896));
#1675=CARTESIAN_POINT('',(32.356903222459,1.75,-21.9156013199896));
#1676=CARTESIAN_POINT('',(32.356903222459,3.5,-21.9156013199896));
#1677=CARTESIAN_POINT('',(32.356903222459,-8.67361737988404E-16,-21.9156013199896));
#1678=CARTESIAN_POINT('',(32.356903222459,3.5,-24.9156013199896));
#1679=CARTESIAN_POINT('',(32.356903222459,3.5,-27.9156013199896));
#1680=CARTESIAN_POINT('',(32.356903222459,1.75,-27.9156013199896));
#1681=CARTESIAN_POINT('',(32.356903222459,-8.67361737988404E-16,-27.9156013199896));
#1682=CARTESIAN_POINT('',(32.356903222459,-8.67361737988404E-16,-24.9156013199896));
#1683=CARTESIAN_POINT('',(29.017303222459,3.5,-28.2552013199895));
#1684=CARTESIAN_POINT('',(29.017303222459,3.5,-21.5760013199896));
#1685=CARTESIAN_POINT('',(35.696503222459,3.5,-28.2552013199895));
#1686=CARTESIAN_POINT('',(35.696503222459,3.5,-21.5760013199896));
#1687=CARTESIAN_POINT('',(32.356903222459,3.5,-24.9156013199896));
#1688=CARTESIAN_POINT('',(32.356903222459,3.5,-23.4156013199896));
#1689=CARTESIAN_POINT('',(32.356903222459,3.5,-26.4156013199896));
#1690=CARTESIAN_POINT('',(32.356903222459,3.5,-24.9156013199896));
#1691=CARTESIAN_POINT('',(32.356903222459,3.5,-24.9156013199896));
#1692=CARTESIAN_POINT('',(-30.88750115381,3.5,-27.9156013199896));
#1693=CARTESIAN_POINT('',(-30.88750115381,-8.40256683676266E-16,-27.9156013199895));
#1694=CARTESIAN_POINT('',(-24.88750115381,3.5,-27.9156013199896));
#1695=CARTESIAN_POINT('',(-24.88750115381,-1.2603850255144E-15,-27.9156013199896));
#1696=CARTESIAN_POINT('',(-24.88750115381,3.5,-21.9156013199896));
#1697=CARTESIAN_POINT('',(-24.88750115381,-1.2603850255144E-15,-21.9156013199896));
#1698=CARTESIAN_POINT('',(-30.88750115381,3.5,-21.9156013199896));
#1699=CARTESIAN_POINT('',(-30.88750115381,-8.40256683676266E-16,-21.9156013199896));
#1700=CARTESIAN_POINT('',(-30.88750115381,1.75,-21.9156013199896));
#1701=CARTESIAN_POINT('',(-30.88750115381,3.5,-21.9156013199896));
#1702=CARTESIAN_POINT('',(-30.88750115381,-8.67361737988404E-16,-21.9156013199896));
#1703=CARTESIAN_POINT('',(-30.88750115381,3.5,-24.9156013199896));
#1704=CARTESIAN_POINT('',(-30.88750115381,3.5,-27.9156013199896));
#1705=CARTESIAN_POINT('',(-30.88750115381,1.75,-27.9156013199896));
#1706=CARTESIAN_POINT('',(-30.88750115381,-8.67361737988404E-16,-27.9156013199896));
#1707=CARTESIAN_POINT('',(-30.88750115381,-8.67361737988404E-16,-24.9156013199896));
#1708=CARTESIAN_POINT('',(-34.22710115381,3.5,-28.2552013199895));
#1709=CARTESIAN_POINT('',(-34.22710115381,3.5,-21.5760013199896));
#1710=CARTESIAN_POINT('',(-27.54790115381,3.5,-28.2552013199895));
#1711=CARTESIAN_POINT('',(-27.54790115381,3.5,-21.5760013199896));
#1712=CARTESIAN_POINT('',(-30.88750115381,3.5,-24.9156013199896));
#1713=CARTESIAN_POINT('',(-30.88750115381,3.5,-23.4156013199896));
#1714=CARTESIAN_POINT('',(-30.88750115381,3.5,-26.4156013199896));
#1715=CARTESIAN_POINT('',(-30.88750115381,3.5,-24.9156013199896));
#1716=CARTESIAN_POINT('',(-30.88750115381,3.5,-24.9156013199896));
#1717=CARTESIAN_POINT('',(32.356903222459,3.5,19.263330868145));
#1718=CARTESIAN_POINT('',(32.356903222459,-8.67361737988404E-16,19.263330868145));
#1719=CARTESIAN_POINT('',(38.356903222459,3.5,19.263330868145));
#1720=CARTESIAN_POINT('',(38.356903222459,-1.2603850255144E-15,19.263330868145));
#1721=CARTESIAN_POINT('',(38.356903222459,3.5,25.263330868145));
#1722=CARTESIAN_POINT('',(38.356903222459,-1.2603850255144E-15,25.263330868145));
#1723=CARTESIAN_POINT('',(32.356903222459,3.5,25.2633308681449));
#1724=CARTESIAN_POINT('',(32.356903222459,-8.67361737988404E-16,25.263330868145));
#1725=CARTESIAN_POINT('',(32.356903222459,1.75,25.263330868145));
#1726=CARTESIAN_POINT('',(32.356903222459,3.5,25.263330868145));
#1727=CARTESIAN_POINT('',(32.356903222459,-8.67361737988404E-16,25.263330868145));
#1728=CARTESIAN_POINT('',(32.356903222459,3.5,22.263330868145));
#1729=CARTESIAN_POINT('',(32.356903222459,3.5,19.263330868145));
#1730=CARTESIAN_POINT('',(32.356903222459,1.75,19.263330868145));
#1731=CARTESIAN_POINT('',(32.356903222459,-8.67361737988404E-16,19.263330868145));
#1732=CARTESIAN_POINT('',(32.356903222459,-8.67361737988404E-16,22.263330868145));
#1733=CARTESIAN_POINT('',(29.017303222459,3.5,18.923730868145));
#1734=CARTESIAN_POINT('',(29.017303222459,3.5,25.602930868145));
#1735=CARTESIAN_POINT('',(35.696503222459,3.5,18.923730868145));
#1736=CARTESIAN_POINT('',(35.696503222459,3.5,25.602930868145));
#1737=CARTESIAN_POINT('',(32.356903222459,3.5,22.263330868145));
#1738=CARTESIAN_POINT('',(32.356903222459,3.5,23.763330868145));
#1739=CARTESIAN_POINT('',(32.356903222459,3.5,20.7633308681449));
#1740=CARTESIAN_POINT('',(32.356903222459,3.5,22.263330868145));
#1741=CARTESIAN_POINT('',(32.356903222459,3.5,22.263330868145));
#1742=CARTESIAN_POINT('',(-41.8278959656756,14.,-31.5656013199895));
#1743=CARTESIAN_POINT('',(-41.8278959656756,14.,32.2343986800104));
#1744=CARTESIAN_POINT('',(43.2972980343245,14.,-31.5656013199895));
#1745=CARTESIAN_POINT('',(43.2972980343245,14.,32.2343986800104));
#1746=CARTESIAN_POINT('',(0.734701034324481,14.,29.3343986800104));
#1747=CARTESIAN_POINT('',(39.4279710343245,14.,-14.1656013199895));
#1748=CARTESIAN_POINT('',(39.4279710343245,14.,-28.6656013199896));
#1749=CARTESIAN_POINT('',(0.734701034324481,14.,-28.6656013199896));
#1750=CARTESIAN_POINT('',(-37.9585689656756,14.,-28.6656013199896));
#1751=CARTESIAN_POINT('',(-37.9585689656756,14.,0.334398680010454));
#1752=CARTESIAN_POINT('',(22.7341862221068,14.,-3.22758048665603));
#1753=CARTESIAN_POINT('',(23.6186727483077,14.,-13.6902610028989));
#1754=CARTESIAN_POINT('',(26.116710678589,14.,6.71266741273257));
#1755=CARTESIAN_POINT('',(12.5367686436927,14.,11.3337278244626));
#1756=CARTESIAN_POINT('',(-1.0431733912035,14.,15.9547882361925));
#1757=CARTESIAN_POINT('',(-6.35856896567552,14.,0.334398680010457));
#1758=CARTESIAN_POINT('',(-6.35856896567552,14.,-16.1656013199895));
#1759=CARTESIAN_POINT('',(-6.35856896567552,14.,0.334398680010457));
#1760=CARTESIAN_POINT('',(-4.9686615673598,14.,-16.1069564169427));
#1761=CARTESIAN_POINT('',(9.32500559047388,14.,-14.8986087099208));
#1762=CARTESIAN_POINT('',(-30.8875011538101,14.,22.263330868145));
#1763=CARTESIAN_POINT('',(-30.8875011538101,14.,20.7633308681449));
#1764=CARTESIAN_POINT('',(-30.8875011538101,14.,23.763330868145));
#1765=CARTESIAN_POINT('',(-30.8875011538101,14.,22.263330868145));
#1766=CARTESIAN_POINT('',(32.356903222459,14.,-24.9156013199896));
#1767=CARTESIAN_POINT('',(32.356903222459,14.,-26.4156013199896));
#1768=CARTESIAN_POINT('',(32.356903222459,14.,-23.4156013199896));
#1769=CARTESIAN_POINT('',(32.356903222459,14.,-24.9156013199896));
#1770=CARTESIAN_POINT('',(-30.88750115381,14.,-24.9156013199896));
#1771=CARTESIAN_POINT('',(-30.88750115381,14.,-26.4156013199896));
#1772=CARTESIAN_POINT('',(-30.88750115381,14.,-23.4156013199896));
#1773=CARTESIAN_POINT('',(-30.88750115381,14.,-24.9156013199896));
#1774=CARTESIAN_POINT('',(32.356903222459,14.,22.263330868145));
#1775=CARTESIAN_POINT('',(32.356903222459,14.,20.7633308681449));
#1776=CARTESIAN_POINT('',(32.356903222459,14.,23.763330868145));
#1777=CARTESIAN_POINT('',(32.356903222459,14.,22.263330868145));
#1778=CARTESIAN_POINT('',(22.7341862221068,14.,12.322419513344));
#1779=CARTESIAN_POINT('',(27.4747048820786,3.5,6.25056137155955));
#1780=CARTESIAN_POINT('',(27.4747048820786,14.5,6.25056137155955));
#1781=CARTESIAN_POINT('',(-2.40116759469311,3.5,16.4168942773656));
#1782=CARTESIAN_POINT('',(-2.40116759469311,14.5,16.4168942773656));
#1783=CARTESIAN_POINT('',(26.116710678589,14.,6.71266741273257));
#1784=CARTESIAN_POINT('',(26.116710678589,4.,6.71266741273257));
#1785=CARTESIAN_POINT('',(-1.04317339120351,4.,15.9547882361925));
#1786=CARTESIAN_POINT('',(-1.0431733912035,4.,15.9547882361925));
#1787=CARTESIAN_POINT('',(-1.0431733912035,14.,15.9547882361925));
#1788=CARTESIAN_POINT('',(-1.04317339120346,14.,15.9547882361927));
#1789=CARTESIAN_POINT('',(-1.04317339120346,4.,15.9547882361927));
#1790=CARTESIAN_POINT('',(-11.7660678348964,14.,19.6036361388994));
#1791=CARTESIAN_POINT('',(-11.7660678348964,4.,19.6036361388994));
#1792=CARTESIAN_POINT('',(-21.3597605248789,14.,13.5823724145767));
#1793=CARTESIAN_POINT('',(-21.3597605248789,4.,13.5823724145767));
#1794=CARTESIAN_POINT('',(-22.7362714767096,14.,2.33960701334383));
#1795=CARTESIAN_POINT('',(-22.7362714767096,4.,2.33960701334383));
#1796=CARTESIAN_POINT('',(-24.1127824285403,14.,-8.90315838788901));
#1797=CARTESIAN_POINT('',(-24.1127824285403,4.,-8.90315838788901));
#1798=CARTESIAN_POINT('',(-16.2551224191718,14.,-17.061083089971));
#1799=CARTESIAN_POINT('',(-16.2551224191718,4.,-17.061083089971));
#1800=CARTESIAN_POINT('',(-4.96866156735981,14.,-16.1069564169426));
#1801=CARTESIAN_POINT('',(-4.96866156735981,4.,-16.1069564169426));
#1802=CARTESIAN_POINT('',(-6.35856896567552,4.,0.334398680010457));
#1803=CARTESIAN_POINT('',(-4.9686615673598,4.,-16.1069564169427));
#1804=CARTESIAN_POINT('',(-6.35856896567552,4.,16.8343986800105));
#1805=CARTESIAN_POINT('',(-4.9686615673598,14.,-16.1069564169427));
#1806=CARTESIAN_POINT('',(-6.35856896567552,4.,0.334398680010457));
#1807=CARTESIAN_POINT('',(-6.39802828314318,3.5,-16.2277911876449));
#1808=CARTESIAN_POINT('',(-6.39802828314318,14.5,-16.2277911876449));
#1809=CARTESIAN_POINT('',(25.0480394640911,3.5,-13.5694262321968));
#1810=CARTESIAN_POINT('',(25.0480394640911,14.5,-13.5694262321968));
#1811=CARTESIAN_POINT('',(-4.9686615673598,4.,-16.1069564169427));
#1812=CARTESIAN_POINT('',(23.6186727483077,4.,-13.6902610028989));
#1813=CARTESIAN_POINT('',(23.6186727483077,14.,-13.6902610028989));
#1814=CARTESIAN_POINT('',(21.642495231011,14.5,-13.6706744142194));
#1815=CARTESIAN_POINT('',(21.642495231011,3.5,-13.6706744142194));
#1816=CARTESIAN_POINT('',(41.8126418333931,14.5,-15.7792035041268));
#1817=CARTESIAN_POINT('',(41.8126418333931,3.5,-15.7792035041268));
#1818=CARTESIAN_POINT('',(44.277232084706,14.5,4.35053826713553));
#1819=CARTESIAN_POINT('',(44.277232084706,3.5,4.35053826713553));
#1820=CARTESIAN_POINT('',(24.1941801522926,14.5,7.17042017327231));
#1821=CARTESIAN_POINT('',(24.1941801522926,3.5,7.17042017327231));
#1822=CARTESIAN_POINT('',(22.7341862221068,4.,-3.22758048665603));
#1823=CARTESIAN_POINT('',(-6.35856896567552,4.,-7.24060131998955));
#1824=CARTESIAN_POINT('',(-6.35856896567552,-7.58941520739853E-16,-7.24060131998955));
#1825=CARTESIAN_POINT('',(8.79143103432448,4.,-7.24060131998955));
#1826=CARTESIAN_POINT('',(8.79143103432448,-9.35124373768747E-16,-7.24060131998955));
#1827=CARTESIAN_POINT('',(8.79143103432448,4.,7.90939868001045));
#1828=CARTESIAN_POINT('',(8.79143103432448,-9.35124373768747E-16,7.90939868001045));
#1829=CARTESIAN_POINT('',(-6.35856896567552,4.,7.90939868001045));
#1830=CARTESIAN_POINT('',(-6.35856896567552,-7.58941520739853E-16,7.90939868001045));
#1831=CARTESIAN_POINT('',(-6.35856896567552,2.,7.90939868001046));
#1832=CARTESIAN_POINT('',(-6.35856896567552,4.,7.90939868001046));
#1833=CARTESIAN_POINT('',(-6.35856896567552,-8.67361737988404E-16,7.90939868001046));
#1834=CARTESIAN_POINT('',(-6.35856896567552,4.,0.334398680010452));
#1835=CARTESIAN_POINT('',(-6.35856896567552,4.,-7.24060131998954));
#1836=CARTESIAN_POINT('',(-6.35856896567552,2.,-7.24060131998954));
#1837=CARTESIAN_POINT('',(-6.35856896567552,-8.67361737988404E-16,-7.24060131998954));
#1838=CARTESIAN_POINT('',(-6.35856896567552,-8.67361737988404E-16,0.334398680010452));
#1839=CARTESIAN_POINT('',(22.7341862221068,4.,-10.802580486656));
#1840=CARTESIAN_POINT('',(22.7341862221068,-7.58941520739853E-16,-10.802580486656));
#1841=CARTESIAN_POINT('',(37.8841862221068,4.,-10.8025804866561));
#1842=CARTESIAN_POINT('',(37.8841862221068,-9.75781955236954E-16,-10.8025804866561));
#1843=CARTESIAN_POINT('',(37.8841862221068,4.,4.34741951334395));
#1844=CARTESIAN_POINT('',(37.8841862221068,-9.75781955236954E-16,4.34741951334395));
#1845=CARTESIAN_POINT('',(22.7341862221068,4.,4.34741951334395));
#1846=CARTESIAN_POINT('',(22.7341862221068,-7.58941520739853E-16,4.34741951334395));
#1847=CARTESIAN_POINT('',(22.7341862221068,2.,4.34741951334394));
#1848=CARTESIAN_POINT('',(22.7341862221068,4.,4.34741951334394));
#1849=CARTESIAN_POINT('',(22.7341862221068,-8.67361737988404E-16,4.34741951334394));
#1850=CARTESIAN_POINT('',(22.7341862221068,4.,-3.22758048665606));
#1851=CARTESIAN_POINT('',(22.7341862221068,4.,-10.802580486656));
#1852=CARTESIAN_POINT('',(22.7341862221068,2.,-10.802580486656));
#1853=CARTESIAN_POINT('',(22.7341862221068,-8.67361737988404E-16,-10.802580486656));
#1854=CARTESIAN_POINT('',(22.7341862221068,-8.67361737988404E-16,-3.22758048665606));
#1855=CARTESIAN_POINT('',(39.4279710343245,-0.700000000000001,24.3593986800104));
#1856=CARTESIAN_POINT('',(39.4279710343245,14.7,24.3593986800104));
#1857=CARTESIAN_POINT('',(39.4279710343245,-0.700000000000001,-31.1906013199896));
#1858=CARTESIAN_POINT('',(39.4279710343245,14.7,-31.1906013199896));
#1859=CARTESIAN_POINT('',(39.4279710343245,-8.67361737988404E-16,-14.1656013199895));
#1860=CARTESIAN_POINT('',(39.4279710343245,-8.67361737988404E-16,-14.1656013199895));
#1861=CARTESIAN_POINT('',(39.4279710343245,-8.67361737988404E-16,-28.6656013199896));
#1862=CARTESIAN_POINT('',(39.4279710343245,4.002,-28.6656013199896));
#1863=CARTESIAN_POINT('',(43.2972980343245,-0.700000000000001,-28.6656013199896));
#1864=CARTESIAN_POINT('',(43.2972980343245,14.7,-28.6656013199896));
#1865=CARTESIAN_POINT('',(-41.8278959656756,-0.700000000000001,-28.6656013199896));
#1866=CARTESIAN_POINT('',(-41.8278959656756,14.7,-28.6656013199896));
#1867=CARTESIAN_POINT('',(-37.9585689656756,4.002,-28.6656013199896));
#1868=CARTESIAN_POINT('',(-37.9585689656756,-8.67361737988404E-16,-28.6656013199896));
#1869=CARTESIAN_POINT('',(0.734701034324481,-8.67361737988404E-16,-28.6656013199896));
#1870=CARTESIAN_POINT('',(35.0472980343245,-0.700000000000001,29.3343986800104));
#1871=CARTESIAN_POINT('',(35.0472980343245,14.7,29.3343986800104));
#1872=CARTESIAN_POINT('',(-33.5778959656755,-0.700000000000001,29.3343986800104));
#1873=CARTESIAN_POINT('',(-33.5778959656755,14.7,29.3343986800104));
#1874=CARTESIAN_POINT('',(0.734701034324481,-8.67361737988404E-16,29.3343986800104));
#1875=CARTESIAN_POINT('',(-50.0778959656755,-8.67361737988404E-16,-31.5656013199895));
#1876=CARTESIAN_POINT('',(-50.0778959656755,-8.67361737988404E-16,32.2343986800104));
#1877=CARTESIAN_POINT('',(51.5472980343245,-8.67361737988404E-16,-31.5656013199895));
#1878=CARTESIAN_POINT('',(51.5472980343245,-8.67361737988404E-16,32.2343986800104));
#1879=CARTESIAN_POINT('',(7.20542252864535,0.,-3.20634418011742));
#1880=CARTESIAN_POINT('',(-41.7085689656755,-8.67361737988404E-16,-17.4156013199896));
#1881=CARTESIAN_POINT('',(43.1779710343245,-8.67361737988404E-16,-17.4156013199896));
#1882=CARTESIAN_POINT('',(22.7341862221068,-8.67361737988404E-16,-3.22758048665606));
#1883=CARTESIAN_POINT('',(-6.35856896567552,-8.67361737988404E-16,0.334398680010452));
#1884=CARTESIAN_POINT('',(-37.9585689656756,-8.67361737988404E-16,0.334398680010454));
#1885=CARTESIAN_POINT('',(-37.9585689656756,-8.67361737988404E-16,0.334398680010454));
#1886=CARTESIAN_POINT('',(-30.8875011538101,-8.67361737988404E-16,22.263330868145));
#1887=CARTESIAN_POINT('',(32.356903222459,-8.67361737988404E-16,-24.9156013199896));
#1888=CARTESIAN_POINT('',(-30.88750115381,-8.67361737988404E-16,-24.9156013199896));
#1889=CARTESIAN_POINT('',(32.356903222459,-8.67361737988404E-16,22.263330868145));
#1890=CARTESIAN_POINT('',(22.7341862221068,-8.67361737988404E-16,12.322419513344));
#1891=CARTESIAN_POINT('',(-37.9585689656756,-0.700000000000001,-31.1906013199896));
#1892=CARTESIAN_POINT('',(-37.9585689656756,14.7,-31.1906013199896));
#1893=CARTESIAN_POINT('',(-37.9585689656756,-0.700000000000001,24.3593986800105));
#1894=CARTESIAN_POINT('',(-37.9585689656756,14.7,24.3593986800105));
#1895=CARTESIAN_POINT('',(33.6215033021319,4.,-16.4897970572088));
#1896=CARTESIAN_POINT('',(33.6215033021319,4.,17.0331513384829));
#1897=CARTESIAN_POINT('',(-23.2913508835966,4.,-16.4897970572088));
#1898=CARTESIAN_POINT('',(-23.2913508835966,4.,17.0331513384829));
#1899=CARTESIAN_POINT('',(7.20542252864535,4.,-3.20634418011742));
#1900=CARTESIAN_POINT('',(-6.35856896567552,4.,0.334398680010452));
#1901=CARTESIAN_POINT('',(22.7341862221068,4.,-3.22758048665606));
#1902=CARTESIAN_POINT('',(32.356903222459,14.,20.763330868145));
#1903=CARTESIAN_POINT('',(32.356903222459,3.5,20.763330868145));
#1904=CARTESIAN_POINT('',(35.356903222459,14.,20.763330868145));
#1905=CARTESIAN_POINT('',(35.356903222459,3.5,20.763330868145));
#1906=CARTESIAN_POINT('',(35.356903222459,14.,23.763330868145));
#1907=CARTESIAN_POINT('',(35.356903222459,3.5,23.763330868145));
#1908=CARTESIAN_POINT('',(32.356903222459,14.,23.763330868145));
#1909=CARTESIAN_POINT('',(32.356903222459,3.5,23.763330868145));
#1910=CARTESIAN_POINT('',(32.356903222459,8.75,23.763330868145));
#1911=CARTESIAN_POINT('',(32.356903222459,8.75,20.7633308681449));
#1912=CARTESIAN_POINT('',(-30.88750115381,14.,-26.4156013199896));
#1913=CARTESIAN_POINT('',(-30.88750115381,3.5,-26.4156013199896));
#1914=CARTESIAN_POINT('',(-27.88750115381,14.,-26.4156013199896));
#1915=CARTESIAN_POINT('',(-27.88750115381,3.5,-26.4156013199896));
#1916=CARTESIAN_POINT('',(-27.88750115381,14.,-23.4156013199895));
#1917=CARTESIAN_POINT('',(-27.88750115381,3.5,-23.4156013199895));
#1918=CARTESIAN_POINT('',(-30.88750115381,14.,-23.4156013199895));
#1919=CARTESIAN_POINT('',(-30.88750115381,3.5,-23.4156013199895));
#1920=CARTESIAN_POINT('',(-30.88750115381,8.75,-23.4156013199896));
#1921=CARTESIAN_POINT('',(-30.88750115381,8.75,-26.4156013199896));
#1922=CARTESIAN_POINT('',(32.356903222459,14.,-26.4156013199896));
#1923=CARTESIAN_POINT('',(32.356903222459,3.5,-26.4156013199896));
#1924=CARTESIAN_POINT('',(35.356903222459,14.,-26.4156013199896));
#1925=CARTESIAN_POINT('',(35.356903222459,3.5,-26.4156013199896));
#1926=CARTESIAN_POINT('',(35.356903222459,14.,-23.4156013199895));
#1927=CARTESIAN_POINT('',(35.356903222459,3.5,-23.4156013199895));
#1928=CARTESIAN_POINT('',(32.356903222459,14.,-23.4156013199895));
#1929=CARTESIAN_POINT('',(32.356903222459,3.5,-23.4156013199895));
#1930=CARTESIAN_POINT('',(32.356903222459,8.75,-23.4156013199896));
#1931=CARTESIAN_POINT('',(32.356903222459,8.75,-26.4156013199896));
#1932=CARTESIAN_POINT('',(-30.8875011538101,14.,20.763330868145));
#1933=CARTESIAN_POINT('',(-30.8875011538101,3.5,20.763330868145));
#1934=CARTESIAN_POINT('',(-27.8875011538101,14.,20.763330868145));
#1935=CARTESIAN_POINT('',(-27.8875011538101,3.5,20.763330868145));
#1936=CARTESIAN_POINT('',(-27.8875011538101,14.,23.763330868145));
#1937=CARTESIAN_POINT('',(-27.8875011538101,3.5,23.763330868145));
#1938=CARTESIAN_POINT('',(-30.8875011538101,14.,23.763330868145));
#1939=CARTESIAN_POINT('',(-30.8875011538101,3.5,23.763330868145));
#1940=CARTESIAN_POINT('',(-30.8875011538101,8.75,23.763330868145));
#1941=CARTESIAN_POINT('',(-30.8875011538101,8.75,20.7633308681449));
#1942=CARTESIAN_POINT('',(-30.8875011538101,14.,23.763330868145));
#1943=CARTESIAN_POINT('',(-30.8875011538101,3.5,23.763330868145));
#1944=CARTESIAN_POINT('',(-33.8875011538101,14.,23.763330868145));
#1945=CARTESIAN_POINT('',(-33.8875011538101,3.5,23.763330868145));
#1946=CARTESIAN_POINT('',(-33.8875011538101,14.,20.763330868145));
#1947=CARTESIAN_POINT('',(-33.8875011538101,3.5,20.763330868145));
#1948=CARTESIAN_POINT('',(-30.8875011538101,14.,20.763330868145));
#1949=CARTESIAN_POINT('',(-30.8875011538101,3.5,20.763330868145));
#1950=CARTESIAN_POINT('',(32.356903222459,14.,-23.4156013199895));
#1951=CARTESIAN_POINT('',(32.356903222459,3.5,-23.4156013199895));
#1952=CARTESIAN_POINT('',(29.356903222459,14.,-23.4156013199895));
#1953=CARTESIAN_POINT('',(29.356903222459,3.5,-23.4156013199895));
#1954=CARTESIAN_POINT('',(29.356903222459,14.,-26.4156013199896));
#1955=CARTESIAN_POINT('',(29.356903222459,3.5,-26.4156013199896));
#1956=CARTESIAN_POINT('',(32.356903222459,14.,-26.4156013199895));
#1957=CARTESIAN_POINT('',(32.356903222459,3.5,-26.4156013199896));
#1958=CARTESIAN_POINT('',(-30.88750115381,14.,-23.4156013199895));
#1959=CARTESIAN_POINT('',(-30.88750115381,3.5,-23.4156013199895));
#1960=CARTESIAN_POINT('',(-33.88750115381,14.,-23.4156013199895));
#1961=CARTESIAN_POINT('',(-33.88750115381,3.5,-23.4156013199895));
#1962=CARTESIAN_POINT('',(-33.88750115381,14.,-26.4156013199896));
#1963=CARTESIAN_POINT('',(-33.88750115381,3.5,-26.4156013199896));
#1964=CARTESIAN_POINT('',(-30.88750115381,14.,-26.4156013199895));
#1965=CARTESIAN_POINT('',(-30.88750115381,3.5,-26.4156013199896));
#1966=CARTESIAN_POINT('',(32.356903222459,14.,23.763330868145));
#1967=CARTESIAN_POINT('',(32.356903222459,3.5,23.763330868145));
#1968=CARTESIAN_POINT('',(29.356903222459,14.,23.763330868145));
#1969=CARTESIAN_POINT('',(29.356903222459,3.5,23.763330868145));
#1970=CARTESIAN_POINT('',(29.356903222459,14.,20.763330868145));
#1971=CARTESIAN_POINT('',(29.356903222459,3.5,20.763330868145));
#1972=CARTESIAN_POINT('',(32.356903222459,14.,20.763330868145));
#1973=CARTESIAN_POINT('',(32.356903222459,3.5,20.763330868145));
#1974=CARTESIAN_POINT('',(22.7341862221068,4.,4.34741951334395));
#1975=CARTESIAN_POINT('',(22.7341862221068,-7.58941520739853E-16,4.34741951334395));
#1976=CARTESIAN_POINT('',(7.5841862221068,4.,4.34741951334395));
#1977=CARTESIAN_POINT('',(7.5841862221068,-9.35124373768747E-16,4.34741951334395));
#1978=CARTESIAN_POINT('',(7.5841862221068,4.,-10.802580486656));
#1979=CARTESIAN_POINT('',(7.5841862221068,-9.35124373768747E-16,-10.802580486656));
#1980=CARTESIAN_POINT('',(22.7341862221068,4.,-10.802580486656));
#1981=CARTESIAN_POINT('',(22.7341862221068,-7.58941520739853E-16,-10.802580486656));
#1982=CARTESIAN_POINT('',(-6.35856896567552,4.,7.90939868001045));
#1983=CARTESIAN_POINT('',(-6.35856896567552,-7.58941520739853E-16,7.90939868001045));
#1984=CARTESIAN_POINT('',(-21.5085689656755,4.,7.90939868001045));
#1985=CARTESIAN_POINT('',(-21.5085689656755,-9.75781955236954E-16,7.90939868001045));
#1986=CARTESIAN_POINT('',(-21.5085689656755,4.,-7.24060131998955));
#1987=CARTESIAN_POINT('',(-21.5085689656755,-9.75781955236954E-16,-7.24060131998955));
#1988=CARTESIAN_POINT('',(-6.35856896567552,4.,-7.24060131998955));
#1989=CARTESIAN_POINT('',(-6.35856896567552,-7.58941520739853E-16,-7.24060131998955));
#1990=CARTESIAN_POINT('',(32.356903222459,3.5,25.263330868145));
#1991=CARTESIAN_POINT('',(32.356903222459,-8.40256683676266E-16,25.263330868145));
#1992=CARTESIAN_POINT('',(26.356903222459,3.5,25.263330868145));
#1993=CARTESIAN_POINT('',(26.356903222459,-1.2603850255144E-15,25.263330868145));
#1994=CARTESIAN_POINT('',(26.356903222459,3.5,19.263330868145));
#1995=CARTESIAN_POINT('',(26.356903222459,-1.2603850255144E-15,19.263330868145));
#1996=CARTESIAN_POINT('',(32.356903222459,3.5,19.263330868145));
#1997=CARTESIAN_POINT('',(32.356903222459,-8.40256683676266E-16,19.263330868145));
#1998=CARTESIAN_POINT('',(-30.88750115381,3.5,-21.9156013199896));
#1999=CARTESIAN_POINT('',(-30.88750115381,-8.67361737988404E-16,-21.9156013199896));
#2000=CARTESIAN_POINT('',(-36.88750115381,3.5,-21.9156013199896));
#2001=CARTESIAN_POINT('',(-36.88750115381,-1.2603850255144E-15,-21.9156013199896));
#2002=CARTESIAN_POINT('',(-36.88750115381,3.5,-27.9156013199896));
#2003=CARTESIAN_POINT('',(-36.88750115381,-1.2603850255144E-15,-27.9156013199896));
#2004=CARTESIAN_POINT('',(-30.88750115381,3.5,-27.9156013199896));
#2005=CARTESIAN_POINT('',(-30.88750115381,-8.67361737988404E-16,-27.9156013199895));
#2006=CARTESIAN_POINT('',(32.356903222459,3.5,-21.9156013199896));
#2007=CARTESIAN_POINT('',(32.356903222459,-8.67361737988404E-16,-21.9156013199896));
#2008=CARTESIAN_POINT('',(26.356903222459,3.5,-21.9156013199896));
#2009=CARTESIAN_POINT('',(26.356903222459,-1.2603850255144E-15,-21.9156013199896));
#2010=CARTESIAN_POINT('',(26.356903222459,3.5,-27.9156013199896));
#2011=CARTESIAN_POINT('',(26.356903222459,-1.2603850255144E-15,-27.9156013199896));
#2012=CARTESIAN_POINT('',(32.356903222459,3.5,-27.9156013199896));
#2013=CARTESIAN_POINT('',(32.356903222459,-8.67361737988404E-16,-27.9156013199895));
#2014=CARTESIAN_POINT('',(-30.8875011538101,3.5,25.2633308681449));
#2015=CARTESIAN_POINT('',(-30.8875011538101,-8.67361737988404E-16,25.263330868145));
#2016=CARTESIAN_POINT('',(-36.8875011538101,3.5,25.263330868145));
#2017=CARTESIAN_POINT('',(-36.8875011538101,-1.2603850255144E-15,25.263330868145));
#2018=CARTESIAN_POINT('',(-36.8875011538101,3.5,19.263330868145));
#2019=CARTESIAN_POINT('',(-36.8875011538101,-1.2603850255144E-15,19.263330868145));
#2020=CARTESIAN_POINT('',(-30.8875011538101,3.5,19.263330868145));
#2021=CARTESIAN_POINT('',(-30.8875011538101,-8.67361737988404E-16,19.263330868145));
#2022=CARTESIAN_POINT('',(43.1779710343245,5.25,-15.9156013199896));
#2023=CARTESIAN_POINT('',(43.1779710343245,-8.13151629364128E-16,-15.9156013199896));
#2024=CARTESIAN_POINT('',(40.1779710343245,5.25,-15.9156013199895));
#2025=CARTESIAN_POINT('',(40.1779710343245,-1.21972744404619E-15,-15.9156013199896));
#2026=CARTESIAN_POINT('',(40.1779710343245,5.25,-18.9156013199895));
#2027=CARTESIAN_POINT('',(40.1779710343245,-1.21972744404619E-15,-18.9156013199896));
#2028=CARTESIAN_POINT('',(43.1779710343245,5.25,-18.9156013199896));
#2029=CARTESIAN_POINT('',(43.1779710343245,-8.13151629364128E-16,-18.9156013199896));
#2030=CARTESIAN_POINT('',(-41.7085689656755,5.25,-15.9156013199896));
#2031=CARTESIAN_POINT('',(-41.7085689656755,-8.13151629364128E-16,-15.9156013199896));
#2032=CARTESIAN_POINT('',(-44.7085689656755,5.25,-15.9156013199896));
#2033=CARTESIAN_POINT('',(-44.7085689656755,-1.21972744404619E-15,-15.9156013199896));
#2034=CARTESIAN_POINT('',(-44.7085689656755,5.25,-18.9156013199896));
#2035=CARTESIAN_POINT('',(-44.7085689656755,-1.21972744404619E-15,-18.9156013199896));
#2036=CARTESIAN_POINT('',(-41.7085689656755,5.25,-18.9156013199896));
#2037=CARTESIAN_POINT('',(-41.7085689656755,-8.13151629364128E-16,-18.9156013199896));
#2038=CARTESIAN_POINT('',(22.7341862221068,14.,13.822419513344));
#2039=CARTESIAN_POINT('',(22.7341862221068,-1.73472347597681E-15,13.822419513344));
#2040=CARTESIAN_POINT('',(19.7341862221068,14.,13.822419513344));
#2041=CARTESIAN_POINT('',(19.7341862221068,-1.70761842166467E-15,13.822419513344));
#2042=CARTESIAN_POINT('',(19.7341862221068,14.,10.822419513344));
#2043=CARTESIAN_POINT('',(19.7341862221068,-1.70761842166467E-15,10.822419513344));
#2044=CARTESIAN_POINT('',(22.7341862221068,14.,10.822419513344));
#2045=CARTESIAN_POINT('',(22.7341862221068,-1.73472347597681E-15,10.822419513344));
#2046=CARTESIAN_POINT('',(5.70542252864535,4.,-3.20634418011742));
#2047=CARTESIAN_POINT('',(5.70542252864535,3.52365706057789E-16,-3.20634418011742));
#2048=CARTESIAN_POINT('',(5.70542252864535,4.,-6.20634418011742));
#2049=CARTESIAN_POINT('',(5.70542252864535,1.21972744404619E-16,-6.20634418011742));
#2050=CARTESIAN_POINT('',(8.70542252864535,4.,-6.20634418011742));
#2051=CARTESIAN_POINT('',(8.70542252864535,1.21972744404619E-16,-6.20634418011742));
#2052=CARTESIAN_POINT('',(8.70542252864535,4.,-3.20634418011742));
#2053=CARTESIAN_POINT('',(8.70542252864535,3.52365706057789E-16,-3.20634418011742));
#2054=MECHANICAL_DESIGN_GEOMETRIC_PRESENTATION_REPRESENTATION('',(#1035),
#2055);
#2055=(
GEOMETRIC_REPRESENTATION_CONTEXT(3)
GLOBAL_UNCERTAINTY_ASSIGNED_CONTEXT((#2056))
GLOBAL_UNIT_ASSIGNED_CONTEXT((#2059,#2058,#2057))
REPRESENTATION_CONTEXT('Front Gearbox Cover','TOP_LEVEL_ASSEMBLY_PART')
);
#2056=UNCERTAINTY_MEASURE_WITH_UNIT(LENGTH_MEASURE(1.E-5),#2059,
'DISTANCE_ACCURACY_VALUE','Maximum Tolerance applied to model');
#2057=(
NAMED_UNIT(*)
SI_UNIT($,.STERADIAN.)
SOLID_ANGLE_UNIT()
);
#2058=(
NAMED_UNIT(*)
PLANE_ANGLE_UNIT()
SI_UNIT($,.RADIAN.)
);
#2059=(
LENGTH_UNIT()
NAMED_UNIT(*)
SI_UNIT(.MILLI.,.METRE.)
);
#2060=PRODUCT_DEFINITION_SHAPE('','',#2061);
#2061=PRODUCT_DEFINITION('','',#2063,#2062);
#2062=PRODUCT_DEFINITION_CONTEXT('',#2069,'design');
#2063=PRODUCT_DEFINITION_FORMATION_WITH_SPECIFIED_SOURCE('','',#2065,
 .NOT_KNOWN.);
#2064=PRODUCT_RELATED_PRODUCT_CATEGORY('','',(#2065));
#2065=PRODUCT('Front Gearbox Cover','Front Gearbox Cover',
'Front Gearbox Cover',(#2067));
#2066=PRODUCT_CATEGORY('','');
#2067=PRODUCT_CONTEXT('',#2069,'mechanical');
#2068=APPLICATION_PROTOCOL_DEFINITION('international standard',
'ap242_managed_model_based_3d_engineering',2020,#2069);
#2069=APPLICATION_CONTEXT('managed model based 3d engineering');
ENDSEC;
END-ISO-10303-21;
