ISO-10303-21;
HEADER;
/* Generated by software containing ST-Developer
 * from STEP Tools, Inc. (www.steptools.com) 
 */
/* OPTION: using custom renumber hook */

FILE_DESCRIPTION(
/* description */ ('STEP AP242 Edition 2',
'CAx-IF Rec.Pracs.---Representation and Presentation of Product Manufa
cturing Information (PMI)---4.0---2014-10-13',
'CAx-IF Rec.Pracs.---3D Tessellated Geometry---0.4---2014-09-14','2;1',
'CAx-IF Rec.Pracs.---User Defined Attributes---1.5---2016-08-15'),
/* implementation_level */ '2;1');

FILE_NAME(
/* name */ 'AS5600 Mount - AS5600 Mount',
/* time_stamp */ '2026-09-08T03:56:31Z',
/* author */ (''),
/* organization */ (''),
/* preprocessor_version */ 'ST-DEVELOPER v20',
/* originating_system */ 'ONSHAPE BY PTC INC, 1.220',
/* authorisation */ '  ');

FILE_SCHEMA (('AP242_MANAGED_MODEL_BASED_3D_ENGINEERING_MIM_LF { 1 0 10303 442 3 1 4 }'));
ENDSEC;

DATA;
#10=SHAPE_REPRESENTATION_RELATIONSHIP('','',#1051,#11);
#11=ADVANCED_BREP_SHAPE_REPRESENTATION('',(#1049),#2137);
#12=(
BOUNDED_SURFACE()
B_SPLINE_SURFACE(3,1,((#1400,#1401),(#1402,#1403),(#1404,#1405),(#1406,
#1407)),.CYLINDRICAL_SURF.,.F.,.F.,.F.)
B_SPLINE_SURFACE_WITH_KNOTS((4,4),(2,2),(0.,1.),(0.0454545454545443,0.954545454545455),
 .PIECEWISE_BEZIER_KNOTS.)
GEOMETRIC_REPRESENTATION_ITEM()
RATIONAL_B_SPLINE_SURFACE(((1.,1.),(0.333333333333333,0.333333333333333),
(0.333333333333333,0.333333333333333),(1.,1.)))
REPRESENTATION_ITEM('')
SURFACE()
);
#13=(
BOUNDED_SURFACE()
B_SPLINE_SURFACE(3,1,((#1413,#1414),(#1415,#1416),(#1417,#1418),(#1419,
#1420)),.CYLINDRICAL_SURF.,.F.,.F.,.F.)
B_SPLINE_SURFACE_WITH_KNOTS((4,4),(2,2),(0.,1.),(0.0454545454545444,0.954545454545455),
 .PIECEWISE_BEZIER_KNOTS.)
GEOMETRIC_REPRESENTATION_ITEM()
RATIONAL_B_SPLINE_SURFACE(((1.,1.),(0.333333333333333,0.333333333333333),
(0.333333333333333,0.333333333333333),(1.,1.)))
REPRESENTATION_ITEM('')
SURFACE()
);
#14=(
BOUNDED_SURFACE()
B_SPLINE_SURFACE(3,1,((#1431,#1432),(#1433,#1434),(#1435,#1436),(#1437,
#1438)),.CYLINDRICAL_SURF.,.F.,.F.,.F.)
B_SPLINE_SURFACE_WITH_KNOTS((4,4),(2,2),(0.,1.),(0.0454545454545452,0.954545454545455),
 .PIECEWISE_BEZIER_KNOTS.)
GEOMETRIC_REPRESENTATION_ITEM()
RATIONAL_B_SPLINE_SURFACE(((1.,1.),(0.333333333333324,0.333333333333324),
(0.333333333333324,0.333333333333324),(1.,1.)))
REPRESENTATION_ITEM('')
SURFACE()
);
#15=(
BOUNDED_SURFACE()
B_SPLINE_SURFACE(3,1,((#1444,#1445),(#1446,#1447),(#1448,#1449),(#1450,
#1451)),.CYLINDRICAL_SURF.,.F.,.F.,.F.)
B_SPLINE_SURFACE_WITH_KNOTS((4,4),(2,2),(0.,1.),(0.0454545454545453,0.954545454545455),
 .PIECEWISE_BEZIER_KNOTS.)
GEOMETRIC_REPRESENTATION_ITEM()
RATIONAL_B_SPLINE_SURFACE(((1.,1.),(0.333333333333333,0.333333333333333),
(0.333333333333333,0.333333333333333),(1.,1.)))
REPRESENTATION_ITEM('')
SURFACE()
);
#16=(
BOUNDED_SURFACE()
B_SPLINE_SURFACE(3,1,((#1457,#1458),(#1459,#1460),(#1461,#1462),(#1463,
#1464)),.CYLINDRICAL_SURF.,.F.,.F.,.F.)
B_SPLINE_SURFACE_WITH_KNOTS((4,4),(2,2),(0.,1.),(0.0454545454545453,0.954545454545455),
 .PIECEWISE_BEZIER_KNOTS.)
GEOMETRIC_REPRESENTATION_ITEM()
RATIONAL_B_SPLINE_SURFACE(((1.,1.),(0.333333333333333,0.333333333333333),
(0.333333333333333,0.333333333333333),(1.,1.)))
REPRESENTATION_ITEM('')
SURFACE()
);
#17=(
BOUNDED_SURFACE()
B_SPLINE_SURFACE(3,1,((#1736,#1737),(#1738,#1739),(#1740,#1741),(#1742,
#1743),(#1744,#1745),(#1746,#1747),(#1748,#1749)),.CYLINDRICAL_SURF.,.F.,
 .F.,.F.)
B_SPLINE_SURFACE_WITH_KNOTS((4,3,4),(2,2),(0.,0.5,1.),(0.,1.),
 .PIECEWISE_BEZIER_KNOTS.)
GEOMETRIC_REPRESENTATION_ITEM()
RATIONAL_B_SPLINE_SURFACE(((1.,1.),(0.759252525758219,0.759252525758219),
(0.759252525758219,0.759252525758219),(1.,1.),(0.759252525758218,0.759252525758218),
(0.759252525758218,0.759252525758218),(1.,1.)))
REPRESENTATION_ITEM('')
SURFACE()
);
#18=(
BOUNDED_SURFACE()
B_SPLINE_SURFACE(3,1,((#1752,#1753),(#1754,#1755),(#1756,#1757),(#1758,
#1759),(#1760,#1761),(#1762,#1763),(#1764,#1765)),.CYLINDRICAL_SURF.,.F.,
 .F.,.F.)
B_SPLINE_SURFACE_WITH_KNOTS((4,3,4),(2,2),(0.,0.5,1.),(0.,1.),
 .PIECEWISE_BEZIER_KNOTS.)
GEOMETRIC_REPRESENTATION_ITEM()
RATIONAL_B_SPLINE_SURFACE(((1.,1.),(0.759252525758329,0.759252525758329),
(0.759252525758329,0.759252525758329),(1.,1.),(0.759252525758329,0.759252525758329),
(0.759252525758329,0.759252525758329),(1.,1.)))
REPRESENTATION_ITEM('')
SURFACE()
);
#19=(
BOUNDED_SURFACE()
B_SPLINE_SURFACE(3,1,((#1768,#1769),(#1770,#1771),(#1772,#1773),(#1774,
#1775),(#1776,#1777),(#1778,#1779),(#1780,#1781)),.CYLINDRICAL_SURF.,.F.,
 .F.,.F.)
B_SPLINE_SURFACE_WITH_KNOTS((4,3,4),(2,2),(0.,0.5,1.),(0.,1.),
 .PIECEWISE_BEZIER_KNOTS.)
GEOMETRIC_REPRESENTATION_ITEM()
RATIONAL_B_SPLINE_SURFACE(((1.,1.),(0.7592525257583,0.7592525257583),(0.7592525257583,
0.7592525257583),(1.,1.),(0.7592525257583,0.7592525257583),(0.7592525257583,
0.7592525257583),(1.,1.)))
REPRESENTATION_ITEM('')
SURFACE()
);
#20=(
BOUNDED_SURFACE()
B_SPLINE_SURFACE(3,1,((#1784,#1785),(#1786,#1787),(#1788,#1789),(#1790,
#1791),(#1792,#1793),(#1794,#1795),(#1796,#1797)),.CYLINDRICAL_SURF.,.F.,
 .F.,.F.)
B_SPLINE_SURFACE_WITH_KNOTS((4,3,4),(2,2),(0.,0.5,1.),(0.,1.),
 .PIECEWISE_BEZIER_KNOTS.)
GEOMETRIC_REPRESENTATION_ITEM()
RATIONAL_B_SPLINE_SURFACE(((1.,1.),(0.759252525758221,0.759252525758221),
(0.759252525758221,0.759252525758221),(1.,1.),(0.759252525758221,0.759252525758221),
(0.759252525758221,0.759252525758221),(1.,1.)))
REPRESENTATION_ITEM('')
SURFACE()
);
#21=(
BOUNDED_SURFACE()
B_SPLINE_SURFACE(3,1,((#1800,#1801),(#1802,#1803),(#1804,#1805),(#1806,
#1807)),.CYLINDRICAL_SURF.,.F.,.F.,.F.)
B_SPLINE_SURFACE_WITH_KNOTS((4,4),(2,2),(0.,1.),(0.,1.),
 .PIECEWISE_BEZIER_KNOTS.)
GEOMETRIC_REPRESENTATION_ITEM()
RATIONAL_B_SPLINE_SURFACE(((1.,1.),(0.933903545803726,0.933903545803726),
(0.933903545803726,0.933903545803726),(1.,1.)))
REPRESENTATION_ITEM('')
SURFACE()
);
#22=(
BOUNDED_SURFACE()
B_SPLINE_SURFACE(3,1,((#1810,#1811),(#1812,#1813),(#1814,#1815),(#1816,
#1817)),.CYLINDRICAL_SURF.,.F.,.F.,.F.)
B_SPLINE_SURFACE_WITH_KNOTS((4,4),(2,2),(0.,1.),(0.,1.),
 .PIECEWISE_BEZIER_KNOTS.)
GEOMETRIC_REPRESENTATION_ITEM()
RATIONAL_B_SPLINE_SURFACE(((1.,1.),(0.933903545816019,0.933903545816019),
(0.933903545816019,0.933903545816019),(1.,1.)))
REPRESENTATION_ITEM('')
SURFACE()
);
#23=(
BOUNDED_SURFACE()
B_SPLINE_SURFACE(3,1,((#1820,#1821),(#1822,#1823),(#1824,#1825),(#1826,
#1827)),.CYLINDRICAL_SURF.,.F.,.F.,.F.)
B_SPLINE_SURFACE_WITH_KNOTS((4,4),(2,2),(0.,1.),(0.,1.),
 .PIECEWISE_BEZIER_KNOTS.)
GEOMETRIC_REPRESENTATION_ITEM()
RATIONAL_B_SPLINE_SURFACE(((1.,1.),(0.551982846435732,0.551982846435732),
(0.551982846435732,0.551982846435732),(1.,1.)))
REPRESENTATION_ITEM('')
SURFACE()
);
#24=(
BOUNDED_SURFACE()
B_SPLINE_SURFACE(3,1,((#1836,#1837),(#1838,#1839),(#1840,#1841),(#1842,
#1843)),.CYLINDRICAL_SURF.,.F.,.F.,.F.)
B_SPLINE_SURFACE_WITH_KNOTS((4,4),(2,2),(0.,1.),(0.,1.),
 .PIECEWISE_BEZIER_KNOTS.)
GEOMETRIC_REPRESENTATION_ITEM()
RATIONAL_B_SPLINE_SURFACE(((1.,1.),(0.551982846462137,0.551982846462137),
(0.551982846462137,0.551982846462137),(1.,1.)))
REPRESENTATION_ITEM('')
SURFACE()
);
#25=(
BOUNDED_SURFACE()
B_SPLINE_SURFACE(3,1,((#1894,#1895),(#1896,#1897),(#1898,#1899),(#1900,
#1901)),.CYLINDRICAL_SURF.,.F.,.F.,.F.)
B_SPLINE_SURFACE_WITH_KNOTS((4,4),(2,2),(0.,1.),(0.0454545454545454,0.954545454545455),
 .PIECEWISE_BEZIER_KNOTS.)
GEOMETRIC_REPRESENTATION_ITEM()
RATIONAL_B_SPLINE_SURFACE(((1.,1.),(0.333333333333333,0.333333333333333),
(0.333333333333333,0.333333333333333),(1.,1.)))
REPRESENTATION_ITEM('')
SURFACE()
);
#26=(
BOUNDED_SURFACE()
B_SPLINE_SURFACE(3,1,((#1909,#1910),(#1911,#1912),(#1913,#1914),(#1915,
#1916)),.CYLINDRICAL_SURF.,.F.,.F.,.F.)
B_SPLINE_SURFACE_WITH_KNOTS((4,4),(2,2),(0.,1.),(0.0454545454545452,0.954545454545454),
 .PIECEWISE_BEZIER_KNOTS.)
GEOMETRIC_REPRESENTATION_ITEM()
RATIONAL_B_SPLINE_SURFACE(((1.,1.),(0.333333333333333,0.333333333333333),
(0.333333333333333,0.333333333333333),(1.,1.)))
REPRESENTATION_ITEM('')
SURFACE()
);
#27=(
BOUNDED_SURFACE()
B_SPLINE_SURFACE(3,1,((#1927,#1928),(#1929,#1930),(#1931,#1932),(#1933,
#1934)),.CYLINDRICAL_SURF.,.F.,.F.,.F.)
B_SPLINE_SURFACE_WITH_KNOTS((4,4),(2,2),(0.,1.),(0.,1.),
 .PIECEWISE_BEZIER_KNOTS.)
GEOMETRIC_REPRESENTATION_ITEM()
RATIONAL_B_SPLINE_SURFACE(((1.,1.),(0.55198284643572,0.55198284643572),
(0.55198284643572,0.55198284643572),(1.,1.)))
REPRESENTATION_ITEM('')
SURFACE()
);
#28=(
BOUNDED_SURFACE()
B_SPLINE_SURFACE(3,1,((#1939,#1940),(#1941,#1942),(#1943,#1944),(#1945,
#1946)),.CYLINDRICAL_SURF.,.F.,.F.,.F.)
B_SPLINE_SURFACE_WITH_KNOTS((4,4),(2,2),(0.,1.),(0.,1.),
 .PIECEWISE_BEZIER_KNOTS.)
GEOMETRIC_REPRESENTATION_ITEM()
RATIONAL_B_SPLINE_SURFACE(((1.,1.),(0.551982846462525,0.551982846462525),
(0.551982846462525,0.551982846462525),(1.,1.)))
REPRESENTATION_ITEM('')
SURFACE()
);
#29=(
BOUNDED_SURFACE()
B_SPLINE_SURFACE(3,1,((#2030,#2031),(#2032,#2033),(#2034,#2035),(#2036,
#2037)),.CYLINDRICAL_SURF.,.F.,.F.,.F.)
B_SPLINE_SURFACE_WITH_KNOTS((4,4),(2,2),(0.,1.),(0.0454545454545449,0.954545454545455),
 .PIECEWISE_BEZIER_KNOTS.)
GEOMETRIC_REPRESENTATION_ITEM()
RATIONAL_B_SPLINE_SURFACE(((1.,1.),(0.333333333333333,0.333333333333333),
(0.333333333333333,0.333333333333333),(1.,1.)))
REPRESENTATION_ITEM('')
SURFACE()
);
#30=(
BOUNDED_SURFACE()
B_SPLINE_SURFACE(3,1,((#2044,#2045),(#2046,#2047),(#2048,#2049),(#2050,
#2051)),.CYLINDRICAL_SURF.,.F.,.F.,.F.)
B_SPLINE_SURFACE_WITH_KNOTS((4,4),(2,2),(0.,1.),(0.,1.),
 .PIECEWISE_BEZIER_KNOTS.)
GEOMETRIC_REPRESENTATION_ITEM()
RATIONAL_B_SPLINE_SURFACE(((1.,1.),(0.933903545803897,0.933903545803897),
(0.933903545803897,0.933903545803897),(1.,1.)))
REPRESENTATION_ITEM('')
SURFACE()
);
#31=(
BOUNDED_SURFACE()
B_SPLINE_SURFACE(3,1,((#2052,#2053),(#2054,#2055),(#2056,#2057),(#2058,
#2059)),.CYLINDRICAL_SURF.,.F.,.F.,.F.)
B_SPLINE_SURFACE_WITH_KNOTS((4,4),(2,2),(0.,1.),(0.,1.),
 .PIECEWISE_BEZIER_KNOTS.)
GEOMETRIC_REPRESENTATION_ITEM()
RATIONAL_B_SPLINE_SURFACE(((1.,1.),(0.933903545816018,0.933903545816018),
(0.933903545816018,0.933903545816018),(1.,1.)))
REPRESENTATION_ITEM('')
SURFACE()
);
#32=(
BOUNDED_SURFACE()
B_SPLINE_SURFACE(3,1,((#2060,#2061),(#2062,#2063),(#2064,#2065),(#2066,
#2067),(#2068,#2069),(#2070,#2071),(#2072,#2073)),.CYLINDRICAL_SURF.,.F.,
 .F.,.F.)
B_SPLINE_SURFACE_WITH_KNOTS((4,3,4),(2,2),(0.,0.5,1.),(0.,1.),
 .PIECEWISE_BEZIER_KNOTS.)
GEOMETRIC_REPRESENTATION_ITEM()
RATIONAL_B_SPLINE_SURFACE(((1.,1.),(0.759252525758217,0.759252525758217),
(0.759252525758217,0.759252525758217),(1.,1.),(0.759252525758218,0.759252525758218),
(0.759252525758218,0.759252525758218),(1.,1.)))
REPRESENTATION_ITEM('')
SURFACE()
);
#33=(
BOUNDED_SURFACE()
B_SPLINE_SURFACE(3,1,((#2074,#2075),(#2076,#2077),(#2078,#2079),(#2080,
#2081),(#2082,#2083),(#2084,#2085),(#2086,#2087)),.CYLINDRICAL_SURF.,.F.,
 .F.,.F.)
B_SPLINE_SURFACE_WITH_KNOTS((4,3,4),(2,2),(0.,0.5,1.),(0.,1.),
 .PIECEWISE_BEZIER_KNOTS.)
GEOMETRIC_REPRESENTATION_ITEM()
RATIONAL_B_SPLINE_SURFACE(((1.,1.),(0.759252525758324,0.759252525758324),
(0.759252525758324,0.759252525758324),(1.,1.),(0.759252525758324,0.759252525758324),
(0.759252525758324,0.759252525758324),(1.,1.)))
REPRESENTATION_ITEM('')
SURFACE()
);
#34=(
BOUNDED_SURFACE()
B_SPLINE_SURFACE(3,1,((#2088,#2089),(#2090,#2091),(#2092,#2093),(#2094,
#2095),(#2096,#2097),(#2098,#2099),(#2100,#2101)),.CYLINDRICAL_SURF.,.F.,
 .F.,.F.)
B_SPLINE_SURFACE_WITH_KNOTS((4,3,4),(2,2),(0.,0.5,1.),(0.,1.),
 .PIECEWISE_BEZIER_KNOTS.)
GEOMETRIC_REPRESENTATION_ITEM()
RATIONAL_B_SPLINE_SURFACE(((1.,1.),(0.75925252575833,0.75925252575833),
(0.75925252575833,0.75925252575833),(1.,1.),(0.75925252575833,0.75925252575833),
(0.75925252575833,0.75925252575833),(1.,1.)))
REPRESENTATION_ITEM('')
SURFACE()
);
#35=(
BOUNDED_SURFACE()
B_SPLINE_SURFACE(3,1,((#2102,#2103),(#2104,#2105),(#2106,#2107),(#2108,
#2109),(#2110,#2111),(#2112,#2113),(#2114,#2115)),.CYLINDRICAL_SURF.,.F.,
 .F.,.F.)
B_SPLINE_SURFACE_WITH_KNOTS((4,3,4),(2,2),(0.,0.5,1.),(0.,1.),
 .PIECEWISE_BEZIER_KNOTS.)
GEOMETRIC_REPRESENTATION_ITEM()
RATIONAL_B_SPLINE_SURFACE(((1.,1.),(0.759252525758221,0.759252525758221),
(0.759252525758221,0.759252525758221),(1.,1.),(0.759252525758221,0.759252525758221),
(0.759252525758221,0.759252525758221),(1.,1.)))
REPRESENTATION_ITEM('')
SURFACE()
);
#36=(
BOUNDED_SURFACE()
B_SPLINE_SURFACE(3,1,((#2120,#2121),(#2122,#2123),(#2124,#2125),(#2126,
#2127)),.CYLINDRICAL_SURF.,.F.,.F.,.F.)
B_SPLINE_SURFACE_WITH_KNOTS((4,4),(2,2),(0.,1.),(0.0454545454545443,0.954545454545455),
 .PIECEWISE_BEZIER_KNOTS.)
GEOMETRIC_REPRESENTATION_ITEM()
RATIONAL_B_SPLINE_SURFACE(((1.,1.),(0.333333333333333,0.333333333333333),
(0.333333333333333,0.333333333333333),(1.,1.)))
REPRESENTATION_ITEM('')
SURFACE()
);
#37=(
BOUNDED_SURFACE()
B_SPLINE_SURFACE(3,1,((#2128,#2129),(#2130,#2131),(#2132,#2133),(#2134,
#2135)),.CYLINDRICAL_SURF.,.F.,.F.,.F.)
B_SPLINE_SURFACE_WITH_KNOTS((4,4),(2,2),(0.,1.),(0.0454545454545452,0.954545454545455),
 .PIECEWISE_BEZIER_KNOTS.)
GEOMETRIC_REPRESENTATION_ITEM()
RATIONAL_B_SPLINE_SURFACE(((1.,1.),(0.333333333333333,0.333333333333333),
(0.333333333333333,0.333333333333333),(1.,1.)))
REPRESENTATION_ITEM('')
SURFACE()
);
#38=CIRCLE('',#1053,3.);
#39=CIRCLE('',#1054,3.);
#40=CIRCLE('',#1055,1.5);
#41=CIRCLE('',#1056,1.5);
#42=CIRCLE('',#1057,1.5);
#43=CIRCLE('',#1058,1.5);
#44=CIRCLE('',#1059,3.75);
#45=CIRCLE('',#1060,3.75);
#46=CIRCLE('',#1061,3.);
#47=CIRCLE('',#1062,3.);
#48=CIRCLE('',#1063,3.75);
#49=CIRCLE('',#1064,3.);
#50=CIRCLE('',#1065,3.);
#51=CIRCLE('',#1066,3.);
#52=CIRCLE('',#1067,3.);
#53=CIRCLE('',#1068,3.);
#54=CIRCLE('',#1069,3.);
#55=CIRCLE('',#1070,3.);
#56=CIRCLE('',#1071,3.);
#57=CIRCLE('',#1072,3.);
#58=CIRCLE('',#1073,3.);
#59=CIRCLE('',#1074,3.);
#60=CIRCLE('',#1075,3.);
#61=CIRCLE('',#1076,1.5);
#62=CIRCLE('',#1077,1.5);
#63=CIRCLE('',#1078,1.5);
#64=CIRCLE('',#1079,1.5);
#65=CIRCLE('',#1080,1.5);
#66=CIRCLE('',#1081,1.5);
#67=CIRCLE('',#1082,1.5);
#68=CIRCLE('',#1083,1.5);
#69=CIRCLE('',#1084,3.);
#70=CIRCLE('',#1085,3.);
#71=CIRCLE('',#1086,3.75);
#72=CIRCLE('',#1087,1.5);
#73=CIRCLE('',#1088,1.5);
#74=CIRCLE('',#1089,1.5);
#75=CIRCLE('',#1090,1.5);
#76=CIRCLE('',#1091,1.5);
#77=CIRCLE('',#1092,1.5);
#78=CIRCLE('',#1093,1.5);
#79=CIRCLE('',#1094,1.5);
#80=CIRCLE('',#1095,1.5);
#81=CIRCLE('',#1096,1.5);
#82=CIRCLE('',#1097,3.);
#83=CIRCLE('',#1098,3.);
#84=CIRCLE('',#1099,3.);
#85=CIRCLE('',#1100,3.);
#86=CIRCLE('',#1101,3.);
#87=CIRCLE('',#1102,3.);
#88=CIRCLE('',#1103,3.);
#89=CIRCLE('',#1104,3.);
#90=CIRCLE('',#1105,3.);
#91=CIRCLE('',#1106,3.);
#92=CIRCLE('',#1107,3.);
#93=CIRCLE('',#1108,3.);
#94=CIRCLE('',#1109,3.);
#95=CIRCLE('',#1110,3.);
#96=CIRCLE('',#1111,1.5);
#97=CIRCLE('',#1112,1.5);
#98=B_SPLINE_CURVE_WITH_KNOTS('',5,(#1331,#1332,#1333,#1334,#1335,#1336,
#1337,#1338),.UNSPECIFIED.,.F.,.F.,(6,2,6),(0.,0.5,1.),.UNSPECIFIED.);
#99=B_SPLINE_CURVE_WITH_KNOTS('',5,(#1342,#1343,#1344,#1345,#1346,#1347,
#1348,#1349),.UNSPECIFIED.,.F.,.F.,(6,2,6),(0.,0.5,1.),.UNSPECIFIED.);
#100=B_SPLINE_CURVE_WITH_KNOTS('',5,(#1369,#1370,#1371,#1372,#1373,#1374,
#1375,#1376),.UNSPECIFIED.,.F.,.F.,(6,2,6),(0.,0.5,1.),.UNSPECIFIED.);
#101=B_SPLINE_CURVE_WITH_KNOTS('',5,(#1380,#1381,#1382,#1383,#1384,#1385,
#1386,#1387),.UNSPECIFIED.,.F.,.F.,(6,2,6),(0.,0.5,1.),.UNSPECIFIED.);
#102=B_SPLINE_CURVE_WITH_KNOTS('',5,(#1480,#1481,#1482,#1483,#1484,#1485,
#1486,#1487),.UNSPECIFIED.,.F.,.F.,(6,2,6),(0.,0.5,1.),.UNSPECIFIED.);
#103=B_SPLINE_CURVE_WITH_KNOTS('',5,(#1491,#1492,#1493,#1494,#1495,#1496,
#1497,#1498),.UNSPECIFIED.,.F.,.F.,(6,2,6),(0.,0.5,1.),.UNSPECIFIED.);
#104=B_SPLINE_CURVE_WITH_KNOTS('',5,(#1502,#1503,#1504,#1505,#1506,#1507,
#1508,#1509),.UNSPECIFIED.,.F.,.F.,(6,2,6),(0.,0.5,1.),.UNSPECIFIED.);
#105=B_SPLINE_CURVE_WITH_KNOTS('',5,(#1513,#1514,#1515,#1516,#1517,#1518,
#1519,#1520),.UNSPECIFIED.,.F.,.F.,(6,2,6),(0.,0.5,1.),.UNSPECIFIED.);
#106=B_SPLINE_CURVE_WITH_KNOTS('',5,(#1528,#1529,#1530,#1531,#1532,#1533,
#1534,#1535),.UNSPECIFIED.,.F.,.F.,(6,2,6),(0.,0.5,1.),.UNSPECIFIED.);
#107=B_SPLINE_CURVE_WITH_KNOTS('',5,(#1539,#1540,#1541,#1542,#1543,#1544,
#1545,#1546),.UNSPECIFIED.,.F.,.F.,(6,2,6),(0.,0.5,1.),.UNSPECIFIED.);
#108=B_SPLINE_CURVE_WITH_KNOTS('',5,(#1607,#1608,#1609,#1610,#1611,#1612,
#1613,#1614),.UNSPECIFIED.,.F.,.F.,(6,2,6),(0.,0.5,1.),.UNSPECIFIED.);
#109=B_SPLINE_CURVE_WITH_KNOTS('',5,(#1618,#1619,#1620,#1621,#1622,#1623,
#1624,#1625),.UNSPECIFIED.,.F.,.F.,(6,2,6),(0.,0.5,1.),.UNSPECIFIED.);
#110=B_SPLINE_CURVE_WITH_KNOTS('',5,(#1633,#1634,#1635,#1636,#1637,#1638,
#1639,#1640),.UNSPECIFIED.,.F.,.F.,(6,2,6),(0.,0.5,1.),.UNSPECIFIED.);
#111=B_SPLINE_CURVE_WITH_KNOTS('',5,(#1644,#1645,#1646,#1647,#1648,#1649,
#1650,#1651),.UNSPECIFIED.,.F.,.F.,(6,2,6),(0.,0.5,1.),.UNSPECIFIED.);
#112=B_SPLINE_CURVE_WITH_KNOTS('',5,(#1655,#1656,#1657,#1658,#1659,#1660,
#1661,#1662),.UNSPECIFIED.,.F.,.F.,(6,2,6),(0.,0.5,1.),.UNSPECIFIED.);
#113=B_SPLINE_CURVE_WITH_KNOTS('',5,(#1666,#1667,#1668,#1669,#1670,#1671,
#1672,#1673),.UNSPECIFIED.,.F.,.F.,(6,2,6),(0.,0.5,1.),.UNSPECIFIED.);
#114=ORIENTED_EDGE('',*,*,#418,.F.);
#115=ORIENTED_EDGE('',*,*,#419,.F.);
#116=ORIENTED_EDGE('',*,*,#420,.F.);
#117=ORIENTED_EDGE('',*,*,#421,.F.);
#118=ORIENTED_EDGE('',*,*,#422,.F.);
#119=ORIENTED_EDGE('',*,*,#423,.F.);
#120=ORIENTED_EDGE('',*,*,#424,.F.);
#121=ORIENTED_EDGE('',*,*,#425,.F.);
#122=ORIENTED_EDGE('',*,*,#426,.F.);
#123=ORIENTED_EDGE('',*,*,#427,.F.);
#124=ORIENTED_EDGE('',*,*,#428,.T.);
#125=ORIENTED_EDGE('',*,*,#429,.T.);
#126=ORIENTED_EDGE('',*,*,#429,.F.);
#127=ORIENTED_EDGE('',*,*,#430,.T.);
#128=ORIENTED_EDGE('',*,*,#431,.T.);
#129=ORIENTED_EDGE('',*,*,#432,.F.);
#130=ORIENTED_EDGE('',*,*,#430,.F.);
#131=ORIENTED_EDGE('',*,*,#428,.F.);
#132=ORIENTED_EDGE('',*,*,#432,.T.);
#133=ORIENTED_EDGE('',*,*,#433,.T.);
#134=ORIENTED_EDGE('',*,*,#434,.F.);
#135=ORIENTED_EDGE('',*,*,#435,.T.);
#136=ORIENTED_EDGE('',*,*,#436,.T.);
#137=ORIENTED_EDGE('',*,*,#424,.T.);
#138=ORIENTED_EDGE('',*,*,#437,.T.);
#139=ORIENTED_EDGE('',*,*,#438,.T.);
#140=ORIENTED_EDGE('',*,*,#439,.F.);
#141=ORIENTED_EDGE('',*,*,#435,.F.);
#142=ORIENTED_EDGE('',*,*,#440,.F.);
#143=ORIENTED_EDGE('',*,*,#427,.T.);
#144=ORIENTED_EDGE('',*,*,#441,.T.);
#145=ORIENTED_EDGE('',*,*,#442,.F.);
#146=ORIENTED_EDGE('',*,*,#426,.T.);
#147=ORIENTED_EDGE('',*,*,#440,.T.);
#148=ORIENTED_EDGE('',*,*,#443,.F.);
#149=ORIENTED_EDGE('',*,*,#441,.F.);
#150=ORIENTED_EDGE('',*,*,#444,.F.);
#151=ORIENTED_EDGE('',*,*,#438,.F.);
#152=ORIENTED_EDGE('',*,*,#445,.T.);
#153=ORIENTED_EDGE('',*,*,#420,.T.);
#154=ORIENTED_EDGE('',*,*,#446,.T.);
#155=ORIENTED_EDGE('',*,*,#421,.T.);
#156=ORIENTED_EDGE('',*,*,#445,.F.);
#157=ORIENTED_EDGE('',*,*,#437,.F.);
#158=ORIENTED_EDGE('',*,*,#434,.T.);
#159=ORIENTED_EDGE('',*,*,#423,.T.);
#160=ORIENTED_EDGE('',*,*,#447,.T.);
#161=ORIENTED_EDGE('',*,*,#448,.T.);
#162=ORIENTED_EDGE('',*,*,#449,.T.);
#163=ORIENTED_EDGE('',*,*,#450,.T.);
#164=ORIENTED_EDGE('',*,*,#451,.F.);
#165=ORIENTED_EDGE('',*,*,#452,.T.);
#166=ORIENTED_EDGE('',*,*,#453,.F.);
#167=ORIENTED_EDGE('',*,*,#454,.T.);
#168=ORIENTED_EDGE('',*,*,#455,.F.);
#169=ORIENTED_EDGE('',*,*,#456,.T.);
#170=ORIENTED_EDGE('',*,*,#457,.T.);
#171=ORIENTED_EDGE('',*,*,#458,.T.);
#172=ORIENTED_EDGE('',*,*,#459,.F.);
#173=ORIENTED_EDGE('',*,*,#460,.T.);
#174=ORIENTED_EDGE('',*,*,#443,.T.);
#175=ORIENTED_EDGE('',*,*,#442,.T.);
#176=ORIENTED_EDGE('',*,*,#461,.F.);
#177=ORIENTED_EDGE('',*,*,#462,.F.);
#178=ORIENTED_EDGE('',*,*,#463,.T.);
#179=ORIENTED_EDGE('',*,*,#464,.T.);
#180=ORIENTED_EDGE('',*,*,#465,.T.);
#181=ORIENTED_EDGE('',*,*,#466,.F.);
#182=ORIENTED_EDGE('',*,*,#467,.F.);
#183=ORIENTED_EDGE('',*,*,#468,.T.);
#184=ORIENTED_EDGE('',*,*,#469,.T.);
#185=ORIENTED_EDGE('',*,*,#470,.T.);
#186=ORIENTED_EDGE('',*,*,#471,.F.);
#187=ORIENTED_EDGE('',*,*,#472,.F.);
#188=ORIENTED_EDGE('',*,*,#473,.T.);
#189=ORIENTED_EDGE('',*,*,#474,.T.);
#190=ORIENTED_EDGE('',*,*,#475,.T.);
#191=ORIENTED_EDGE('',*,*,#476,.F.);
#192=ORIENTED_EDGE('',*,*,#477,.F.);
#193=ORIENTED_EDGE('',*,*,#478,.T.);
#194=ORIENTED_EDGE('',*,*,#479,.F.);
#195=ORIENTED_EDGE('',*,*,#480,.T.);
#196=ORIENTED_EDGE('',*,*,#481,.F.);
#197=ORIENTED_EDGE('',*,*,#482,.T.);
#198=ORIENTED_EDGE('',*,*,#483,.F.);
#199=ORIENTED_EDGE('',*,*,#484,.T.);
#200=ORIENTED_EDGE('',*,*,#485,.F.);
#201=ORIENTED_EDGE('',*,*,#486,.F.);
#202=ORIENTED_EDGE('',*,*,#487,.F.);
#203=ORIENTED_EDGE('',*,*,#425,.T.);
#204=ORIENTED_EDGE('',*,*,#436,.F.);
#205=ORIENTED_EDGE('',*,*,#439,.T.);
#206=ORIENTED_EDGE('',*,*,#444,.T.);
#207=ORIENTED_EDGE('',*,*,#419,.T.);
#208=ORIENTED_EDGE('',*,*,#488,.F.);
#209=ORIENTED_EDGE('',*,*,#489,.T.);
#210=ORIENTED_EDGE('',*,*,#490,.T.);
#211=ORIENTED_EDGE('',*,*,#491,.T.);
#212=ORIENTED_EDGE('',*,*,#492,.F.);
#213=ORIENTED_EDGE('',*,*,#493,.F.);
#214=ORIENTED_EDGE('',*,*,#494,.T.);
#215=ORIENTED_EDGE('',*,*,#495,.T.);
#216=ORIENTED_EDGE('',*,*,#496,.T.);
#217=ORIENTED_EDGE('',*,*,#497,.T.);
#218=ORIENTED_EDGE('',*,*,#498,.T.);
#219=ORIENTED_EDGE('',*,*,#499,.T.);
#220=ORIENTED_EDGE('',*,*,#500,.F.);
#221=ORIENTED_EDGE('',*,*,#501,.T.);
#222=ORIENTED_EDGE('',*,*,#433,.F.);
#223=ORIENTED_EDGE('',*,*,#431,.F.);
#224=ORIENTED_EDGE('',*,*,#502,.T.);
#225=ORIENTED_EDGE('',*,*,#503,.T.);
#226=ORIENTED_EDGE('',*,*,#504,.T.);
#227=ORIENTED_EDGE('',*,*,#505,.F.);
#228=ORIENTED_EDGE('',*,*,#506,.T.);
#229=ORIENTED_EDGE('',*,*,#507,.F.);
#230=ORIENTED_EDGE('',*,*,#508,.T.);
#231=ORIENTED_EDGE('',*,*,#509,.F.);
#232=ORIENTED_EDGE('',*,*,#510,.T.);
#233=ORIENTED_EDGE('',*,*,#511,.F.);
#234=ORIENTED_EDGE('',*,*,#512,.F.);
#235=ORIENTED_EDGE('',*,*,#513,.T.);
#236=ORIENTED_EDGE('',*,*,#514,.T.);
#237=ORIENTED_EDGE('',*,*,#515,.T.);
#238=ORIENTED_EDGE('',*,*,#516,.F.);
#239=ORIENTED_EDGE('',*,*,#517,.F.);
#240=ORIENTED_EDGE('',*,*,#518,.F.);
#241=ORIENTED_EDGE('',*,*,#519,.T.);
#242=ORIENTED_EDGE('',*,*,#520,.T.);
#243=ORIENTED_EDGE('',*,*,#521,.F.);
#244=ORIENTED_EDGE('',*,*,#522,.F.);
#245=ORIENTED_EDGE('',*,*,#523,.F.);
#246=ORIENTED_EDGE('',*,*,#524,.T.);
#247=ORIENTED_EDGE('',*,*,#525,.T.);
#248=ORIENTED_EDGE('',*,*,#526,.F.);
#249=ORIENTED_EDGE('',*,*,#527,.F.);
#250=ORIENTED_EDGE('',*,*,#488,.T.);
#251=ORIENTED_EDGE('',*,*,#418,.T.);
#252=ORIENTED_EDGE('',*,*,#446,.F.);
#253=ORIENTED_EDGE('',*,*,#528,.T.);
#254=ORIENTED_EDGE('',*,*,#447,.F.);
#255=ORIENTED_EDGE('',*,*,#422,.T.);
#256=ORIENTED_EDGE('',*,*,#487,.T.);
#257=ORIENTED_EDGE('',*,*,#529,.T.);
#258=ORIENTED_EDGE('',*,*,#511,.T.);
#259=ORIENTED_EDGE('',*,*,#530,.T.);
#260=ORIENTED_EDGE('',*,*,#478,.F.);
#261=ORIENTED_EDGE('',*,*,#531,.F.);
#262=ORIENTED_EDGE('',*,*,#507,.T.);
#263=ORIENTED_EDGE('',*,*,#532,.T.);
#264=ORIENTED_EDGE('',*,*,#480,.F.);
#265=ORIENTED_EDGE('',*,*,#533,.F.);
#266=ORIENTED_EDGE('',*,*,#509,.T.);
#267=ORIENTED_EDGE('',*,*,#534,.T.);
#268=ORIENTED_EDGE('',*,*,#482,.F.);
#269=ORIENTED_EDGE('',*,*,#535,.F.);
#270=ORIENTED_EDGE('',*,*,#505,.T.);
#271=ORIENTED_EDGE('',*,*,#536,.T.);
#272=ORIENTED_EDGE('',*,*,#484,.F.);
#273=ORIENTED_EDGE('',*,*,#537,.F.);
#274=ORIENTED_EDGE('',*,*,#513,.F.);
#275=ORIENTED_EDGE('',*,*,#538,.T.);
#276=ORIENTED_EDGE('',*,*,#462,.T.);
#277=ORIENTED_EDGE('',*,*,#539,.F.);
#278=ORIENTED_EDGE('',*,*,#540,.T.);
#279=ORIENTED_EDGE('',*,*,#476,.T.);
#280=ORIENTED_EDGE('',*,*,#541,.F.);
#281=ORIENTED_EDGE('',*,*,#515,.F.);
#282=ORIENTED_EDGE('',*,*,#542,.T.);
#283=ORIENTED_EDGE('',*,*,#472,.T.);
#284=ORIENTED_EDGE('',*,*,#471,.T.);
#285=ORIENTED_EDGE('',*,*,#543,.F.);
#286=ORIENTED_EDGE('',*,*,#520,.F.);
#287=ORIENTED_EDGE('',*,*,#519,.F.);
#288=ORIENTED_EDGE('',*,*,#544,.T.);
#289=ORIENTED_EDGE('',*,*,#469,.F.);
#290=ORIENTED_EDGE('',*,*,#545,.F.);
#291=ORIENTED_EDGE('',*,*,#522,.T.);
#292=ORIENTED_EDGE('',*,*,#524,.F.);
#293=ORIENTED_EDGE('',*,*,#546,.T.);
#294=ORIENTED_EDGE('',*,*,#467,.T.);
#295=ORIENTED_EDGE('',*,*,#466,.T.);
#296=ORIENTED_EDGE('',*,*,#547,.F.);
#297=ORIENTED_EDGE('',*,*,#525,.F.);
#298=ORIENTED_EDGE('',*,*,#458,.F.);
#299=ORIENTED_EDGE('',*,*,#548,.F.);
#300=ORIENTED_EDGE('',*,*,#491,.F.);
#301=ORIENTED_EDGE('',*,*,#549,.F.);
#302=ORIENTED_EDGE('',*,*,#454,.F.);
#303=ORIENTED_EDGE('',*,*,#550,.F.);
#304=ORIENTED_EDGE('',*,*,#495,.F.);
#305=ORIENTED_EDGE('',*,*,#551,.F.);
#306=ORIENTED_EDGE('',*,*,#552,.T.);
#307=ORIENTED_EDGE('',*,*,#553,.T.);
#308=ORIENTED_EDGE('',*,*,#554,.F.);
#309=ORIENTED_EDGE('',*,*,#555,.F.);
#310=ORIENTED_EDGE('',*,*,#556,.F.);
#311=ORIENTED_EDGE('',*,*,#552,.F.);
#312=ORIENTED_EDGE('',*,*,#557,.T.);
#313=ORIENTED_EDGE('',*,*,#485,.T.);
#314=ORIENTED_EDGE('',*,*,#455,.T.);
#315=ORIENTED_EDGE('',*,*,#551,.T.);
#316=ORIENTED_EDGE('',*,*,#494,.F.);
#317=ORIENTED_EDGE('',*,*,#558,.F.);
#318=ORIENTED_EDGE('',*,*,#456,.F.);
#319=ORIENTED_EDGE('',*,*,#558,.T.);
#320=ORIENTED_EDGE('',*,*,#493,.T.);
#321=ORIENTED_EDGE('',*,*,#559,.F.);
#322=ORIENTED_EDGE('',*,*,#492,.T.);
#323=ORIENTED_EDGE('',*,*,#548,.T.);
#324=ORIENTED_EDGE('',*,*,#457,.F.);
#325=ORIENTED_EDGE('',*,*,#559,.T.);
#326=ORIENTED_EDGE('',*,*,#542,.F.);
#327=ORIENTED_EDGE('',*,*,#518,.T.);
#328=ORIENTED_EDGE('',*,*,#560,.T.);
#329=ORIENTED_EDGE('',*,*,#473,.F.);
#330=ORIENTED_EDGE('',*,*,#541,.T.);
#331=ORIENTED_EDGE('',*,*,#475,.F.);
#332=ORIENTED_EDGE('',*,*,#474,.F.);
#333=ORIENTED_EDGE('',*,*,#560,.F.);
#334=ORIENTED_EDGE('',*,*,#517,.T.);
#335=ORIENTED_EDGE('',*,*,#516,.T.);
#336=ORIENTED_EDGE('',*,*,#461,.T.);
#337=ORIENTED_EDGE('',*,*,#540,.F.);
#338=ORIENTED_EDGE('',*,*,#514,.F.);
#339=ORIENTED_EDGE('',*,*,#539,.T.);
#340=ORIENTED_EDGE('',*,*,#538,.F.);
#341=ORIENTED_EDGE('',*,*,#512,.T.);
#342=ORIENTED_EDGE('',*,*,#527,.T.);
#343=ORIENTED_EDGE('',*,*,#561,.T.);
#344=ORIENTED_EDGE('',*,*,#464,.F.);
#345=ORIENTED_EDGE('',*,*,#463,.F.);
#346=ORIENTED_EDGE('',*,*,#460,.F.);
#347=ORIENTED_EDGE('',*,*,#562,.F.);
#348=ORIENTED_EDGE('',*,*,#489,.F.);
#349=ORIENTED_EDGE('',*,*,#528,.F.);
#350=ORIENTED_EDGE('',*,*,#452,.F.);
#351=ORIENTED_EDGE('',*,*,#563,.F.);
#352=ORIENTED_EDGE('',*,*,#497,.F.);
#353=ORIENTED_EDGE('',*,*,#564,.F.);
#354=ORIENTED_EDGE('',*,*,#448,.F.);
#355=ORIENTED_EDGE('',*,*,#529,.F.);
#356=ORIENTED_EDGE('',*,*,#501,.F.);
#357=ORIENTED_EDGE('',*,*,#565,.F.);
#358=ORIENTED_EDGE('',*,*,#450,.F.);
#359=ORIENTED_EDGE('',*,*,#566,.F.);
#360=ORIENTED_EDGE('',*,*,#499,.F.);
#361=ORIENTED_EDGE('',*,*,#567,.F.);
#362=ORIENTED_EDGE('',*,*,#451,.T.);
#363=ORIENTED_EDGE('',*,*,#567,.T.);
#364=ORIENTED_EDGE('',*,*,#498,.F.);
#365=ORIENTED_EDGE('',*,*,#563,.T.);
#366=ORIENTED_EDGE('',*,*,#496,.F.);
#367=ORIENTED_EDGE('',*,*,#550,.T.);
#368=ORIENTED_EDGE('',*,*,#453,.T.);
#369=ORIENTED_EDGE('',*,*,#564,.T.);
#370=ORIENTED_EDGE('',*,*,#459,.T.);
#371=ORIENTED_EDGE('',*,*,#549,.T.);
#372=ORIENTED_EDGE('',*,*,#490,.F.);
#373=ORIENTED_EDGE('',*,*,#562,.T.);
#374=ORIENTED_EDGE('',*,*,#568,.F.);
#375=ORIENTED_EDGE('',*,*,#555,.T.);
#376=ORIENTED_EDGE('',*,*,#569,.T.);
#377=ORIENTED_EDGE('',*,*,#503,.F.);
#378=ORIENTED_EDGE('',*,*,#526,.T.);
#379=ORIENTED_EDGE('',*,*,#547,.T.);
#380=ORIENTED_EDGE('',*,*,#465,.F.);
#381=ORIENTED_EDGE('',*,*,#561,.F.);
#382=ORIENTED_EDGE('',*,*,#546,.F.);
#383=ORIENTED_EDGE('',*,*,#523,.T.);
#384=ORIENTED_EDGE('',*,*,#545,.T.);
#385=ORIENTED_EDGE('',*,*,#468,.F.);
#386=ORIENTED_EDGE('',*,*,#470,.F.);
#387=ORIENTED_EDGE('',*,*,#544,.F.);
#388=ORIENTED_EDGE('',*,*,#521,.T.);
#389=ORIENTED_EDGE('',*,*,#543,.T.);
#390=ORIENTED_EDGE('',*,*,#536,.F.);
#391=ORIENTED_EDGE('',*,*,#504,.F.);
#392=ORIENTED_EDGE('',*,*,#537,.T.);
#393=ORIENTED_EDGE('',*,*,#483,.T.);
#394=ORIENTED_EDGE('',*,*,#534,.F.);
#395=ORIENTED_EDGE('',*,*,#508,.F.);
#396=ORIENTED_EDGE('',*,*,#535,.T.);
#397=ORIENTED_EDGE('',*,*,#481,.T.);
#398=ORIENTED_EDGE('',*,*,#532,.F.);
#399=ORIENTED_EDGE('',*,*,#506,.F.);
#400=ORIENTED_EDGE('',*,*,#533,.T.);
#401=ORIENTED_EDGE('',*,*,#479,.T.);
#402=ORIENTED_EDGE('',*,*,#530,.F.);
#403=ORIENTED_EDGE('',*,*,#510,.F.);
#404=ORIENTED_EDGE('',*,*,#531,.T.);
#405=ORIENTED_EDGE('',*,*,#477,.T.);
#406=ORIENTED_EDGE('',*,*,#500,.T.);
#407=ORIENTED_EDGE('',*,*,#566,.T.);
#408=ORIENTED_EDGE('',*,*,#449,.F.);
#409=ORIENTED_EDGE('',*,*,#565,.T.);
#410=ORIENTED_EDGE('',*,*,#554,.T.);
#411=ORIENTED_EDGE('',*,*,#568,.T.);
#412=ORIENTED_EDGE('',*,*,#502,.F.);
#413=ORIENTED_EDGE('',*,*,#569,.F.);
#414=ORIENTED_EDGE('',*,*,#553,.F.);
#415=ORIENTED_EDGE('',*,*,#556,.T.);
#416=ORIENTED_EDGE('',*,*,#486,.T.);
#417=ORIENTED_EDGE('',*,*,#557,.F.);
#418=EDGE_CURVE('',#570,#571,#674,.F.);
#419=EDGE_CURVE('',#572,#570,#98,.F.);
#420=EDGE_CURVE('',#573,#572,#675,.T.);
#421=EDGE_CURVE('',#571,#573,#99,.T.);
#422=EDGE_CURVE('',#574,#575,#676,.F.);
#423=EDGE_CURVE('',#576,#574,#100,.F.);
#424=EDGE_CURVE('',#577,#576,#677,.T.);
#425=EDGE_CURVE('',#575,#577,#101,.T.);
#426=EDGE_CURVE('',#578,#579,#38,.T.);
#427=EDGE_CURVE('',#579,#578,#39,.T.);
#428=EDGE_CURVE('',#580,#581,#40,.T.);
#429=EDGE_CURVE('',#581,#580,#41,.T.);
#430=EDGE_CURVE('',#581,#582,#678,.T.);
#431=EDGE_CURVE('',#582,#583,#42,.T.);
#432=EDGE_CURVE('',#580,#583,#679,.T.);
#433=EDGE_CURVE('',#583,#582,#43,.T.);
#434=EDGE_CURVE('',#584,#576,#680,.T.);
#435=EDGE_CURVE('',#584,#585,#681,.T.);
#436=EDGE_CURVE('',#585,#577,#682,.T.);
#437=EDGE_CURVE('',#584,#586,#44,.T.);
#438=EDGE_CURVE('',#586,#587,#683,.T.);
#439=EDGE_CURVE('',#585,#587,#45,.T.);
#440=EDGE_CURVE('',#579,#588,#684,.T.);
#441=EDGE_CURVE('',#578,#589,#685,.T.);
#442=EDGE_CURVE('',#588,#589,#46,.T.);
#443=EDGE_CURVE('',#589,#588,#47,.T.);
#444=EDGE_CURVE('',#587,#572,#686,.T.);
#445=EDGE_CURVE('',#586,#573,#687,.T.);
#446=EDGE_CURVE('',#590,#571,#688,.T.);
#447=EDGE_CURVE('',#574,#591,#689,.T.);
#448=EDGE_CURVE('',#591,#592,#102,.F.);
#449=EDGE_CURVE('',#592,#593,#690,.T.);
#450=EDGE_CURVE('',#593,#594,#103,.T.);
#451=EDGE_CURVE('',#595,#594,#691,.T.);
#452=EDGE_CURVE('',#595,#596,#104,.F.);
#453=EDGE_CURVE('',#597,#596,#692,.T.);
#454=EDGE_CURVE('',#597,#598,#105,.T.);
#455=EDGE_CURVE('',#599,#598,#693,.T.);
#456=EDGE_CURVE('',#599,#600,#48,.T.);
#457=EDGE_CURVE('',#600,#601,#694,.T.);
#458=EDGE_CURVE('',#601,#602,#106,.F.);
#459=EDGE_CURVE('',#603,#602,#695,.T.);
#460=EDGE_CURVE('',#603,#590,#107,.T.);
#461=EDGE_CURVE('',#604,#605,#696,.T.);
#462=EDGE_CURVE('',#606,#604,#49,.T.);
#463=EDGE_CURVE('',#606,#607,#50,.T.);
#464=EDGE_CURVE('',#607,#608,#51,.T.);
#465=EDGE_CURVE('',#608,#609,#697,.T.);
#466=EDGE_CURVE('',#610,#609,#52,.T.);
#467=EDGE_CURVE('',#611,#610,#53,.T.);
#468=EDGE_CURVE('',#611,#612,#54,.T.);
#469=EDGE_CURVE('',#612,#613,#698,.T.);
#470=EDGE_CURVE('',#613,#614,#55,.T.);
#471=EDGE_CURVE('',#615,#614,#56,.T.);
#472=EDGE_CURVE('',#616,#615,#57,.T.);
#473=EDGE_CURVE('',#616,#617,#699,.T.);
#474=EDGE_CURVE('',#617,#618,#58,.T.);
#475=EDGE_CURVE('',#618,#619,#59,.T.);
#476=EDGE_CURVE('',#605,#619,#60,.T.);
#477=EDGE_CURVE('',#620,#621,#61,.T.);
#478=EDGE_CURVE('',#620,#621,#62,.T.);
#479=EDGE_CURVE('',#622,#623,#63,.T.);
#480=EDGE_CURVE('',#622,#623,#64,.T.);
#481=EDGE_CURVE('',#624,#625,#65,.T.);
#482=EDGE_CURVE('',#624,#625,#66,.T.);
#483=EDGE_CURVE('',#626,#627,#67,.T.);
#484=EDGE_CURVE('',#626,#627,#68,.T.);
#485=EDGE_CURVE('',#628,#629,#69,.T.);
#486=EDGE_CURVE('',#629,#628,#70,.T.);
#487=EDGE_CURVE('',#575,#630,#700,.T.);
#488=EDGE_CURVE('',#631,#570,#701,.T.);
#489=EDGE_CURVE('',#631,#632,#108,.F.);
#490=EDGE_CURVE('',#632,#633,#702,.T.);
#491=EDGE_CURVE('',#633,#634,#109,.T.);
#492=EDGE_CURVE('',#635,#634,#703,.T.);
#493=EDGE_CURVE('',#636,#635,#71,.T.);
#494=EDGE_CURVE('',#636,#637,#704,.T.);
#495=EDGE_CURVE('',#637,#638,#110,.F.);
#496=EDGE_CURVE('',#638,#639,#705,.T.);
#497=EDGE_CURVE('',#639,#640,#111,.T.);
#498=EDGE_CURVE('',#640,#641,#706,.T.);
#499=EDGE_CURVE('',#641,#642,#112,.F.);
#500=EDGE_CURVE('',#643,#642,#707,.T.);
#501=EDGE_CURVE('',#643,#630,#113,.T.);
#502=EDGE_CURVE('',#644,#645,#72,.T.);
#503=EDGE_CURVE('',#645,#644,#73,.T.);
#504=EDGE_CURVE('',#646,#647,#74,.T.);
#505=EDGE_CURVE('',#646,#647,#75,.T.);
#506=EDGE_CURVE('',#648,#649,#76,.T.);
#507=EDGE_CURVE('',#648,#649,#77,.T.);
#508=EDGE_CURVE('',#650,#651,#78,.T.);
#509=EDGE_CURVE('',#650,#651,#79,.T.);
#510=EDGE_CURVE('',#652,#653,#80,.T.);
#511=EDGE_CURVE('',#652,#653,#81,.T.);
#512=EDGE_CURVE('',#654,#655,#82,.T.);
#513=EDGE_CURVE('',#654,#656,#83,.T.);
#514=EDGE_CURVE('',#656,#657,#708,.T.);
#515=EDGE_CURVE('',#657,#658,#84,.T.);
#516=EDGE_CURVE('',#659,#658,#85,.T.);
#517=EDGE_CURVE('',#660,#659,#86,.T.);
#518=EDGE_CURVE('',#661,#660,#709,.T.);
#519=EDGE_CURVE('',#661,#662,#87,.T.);
#520=EDGE_CURVE('',#662,#663,#88,.T.);
#521=EDGE_CURVE('',#664,#663,#89,.T.);
#522=EDGE_CURVE('',#665,#664,#710,.T.);
#523=EDGE_CURVE('',#666,#665,#90,.T.);
#524=EDGE_CURVE('',#666,#667,#91,.T.);
#525=EDGE_CURVE('',#667,#668,#92,.T.);
#526=EDGE_CURVE('',#669,#668,#711,.T.);
#527=EDGE_CURVE('',#655,#669,#93,.T.);
#528=EDGE_CURVE('',#590,#631,#712,.T.);
#529=EDGE_CURVE('',#630,#591,#713,.T.);
#530=EDGE_CURVE('',#653,#621,#714,.T.);
#531=EDGE_CURVE('',#652,#620,#715,.T.);
#532=EDGE_CURVE('',#649,#623,#716,.T.);
#533=EDGE_CURVE('',#648,#622,#717,.T.);
#534=EDGE_CURVE('',#651,#625,#718,.T.);
#535=EDGE_CURVE('',#650,#624,#719,.T.);
#536=EDGE_CURVE('',#647,#627,#720,.T.);
#537=EDGE_CURVE('',#646,#626,#721,.T.);
#538=EDGE_CURVE('',#654,#606,#722,.T.);
#539=EDGE_CURVE('',#656,#604,#723,.T.);
#540=EDGE_CURVE('',#657,#605,#724,.T.);
#541=EDGE_CURVE('',#658,#619,#725,.T.);
#542=EDGE_CURVE('',#661,#616,#726,.T.);
#543=EDGE_CURVE('',#663,#614,#727,.T.);
#544=EDGE_CURVE('',#664,#613,#728,.T.);
#545=EDGE_CURVE('',#665,#612,#729,.T.);
#546=EDGE_CURVE('',#666,#611,#730,.T.);
#547=EDGE_CURVE('',#668,#609,#731,.T.);
#548=EDGE_CURVE('',#634,#601,#732,.T.);
#549=EDGE_CURVE('',#602,#633,#733,.T.);
#550=EDGE_CURVE('',#638,#597,#734,.T.);
#551=EDGE_CURVE('',#598,#637,#735,.T.);
#552=EDGE_CURVE('',#670,#671,#94,.T.);
#553=EDGE_CURVE('',#671,#670,#95,.T.);
#554=EDGE_CURVE('',#672,#673,#96,.T.);
#555=EDGE_CURVE('',#673,#672,#97,.T.);
#556=EDGE_CURVE('',#671,#629,#736,.T.);
#557=EDGE_CURVE('',#670,#628,#737,.T.);
#558=EDGE_CURVE('',#599,#636,#738,.T.);
#559=EDGE_CURVE('',#600,#635,#739,.T.);
#560=EDGE_CURVE('',#660,#617,#740,.T.);
#561=EDGE_CURVE('',#669,#608,#741,.T.);
#562=EDGE_CURVE('',#632,#603,#742,.T.);
#563=EDGE_CURVE('',#640,#595,#743,.T.);
#564=EDGE_CURVE('',#596,#639,#744,.T.);
#565=EDGE_CURVE('',#592,#643,#745,.T.);
#566=EDGE_CURVE('',#642,#593,#746,.T.);
#567=EDGE_CURVE('',#594,#641,#747,.T.);
#568=EDGE_CURVE('',#673,#645,#748,.T.);
#569=EDGE_CURVE('',#672,#644,#749,.T.);
#570=VERTEX_POINT('',#1329);
#571=VERTEX_POINT('',#1330);
#572=VERTEX_POINT('',#1339);
#573=VERTEX_POINT('',#1341);
#574=VERTEX_POINT('',#1367);
#575=VERTEX_POINT('',#1368);
#576=VERTEX_POINT('',#1377);
#577=VERTEX_POINT('',#1379);
#578=VERTEX_POINT('',#1393);
#579=VERTEX_POINT('',#1394);
#580=VERTEX_POINT('',#1397);
#581=VERTEX_POINT('',#1398);
#582=VERTEX_POINT('',#1409);
#583=VERTEX_POINT('',#1411);
#584=VERTEX_POINT('',#1427);
#585=VERTEX_POINT('',#1429);
#586=VERTEX_POINT('',#1440);
#587=VERTEX_POINT('',#1442);
#588=VERTEX_POINT('',#1453);
#589=VERTEX_POINT('',#1455);
#590=VERTEX_POINT('',#1477);
#591=VERTEX_POINT('',#1479);
#592=VERTEX_POINT('',#1488);
#593=VERTEX_POINT('',#1490);
#594=VERTEX_POINT('',#1499);
#595=VERTEX_POINT('',#1501);
#596=VERTEX_POINT('',#1510);
#597=VERTEX_POINT('',#1512);
#598=VERTEX_POINT('',#1521);
#599=VERTEX_POINT('',#1523);
#600=VERTEX_POINT('',#1525);
#601=VERTEX_POINT('',#1527);
#602=VERTEX_POINT('',#1536);
#603=VERTEX_POINT('',#1538);
#604=VERTEX_POINT('',#1548);
#605=VERTEX_POINT('',#1549);
#606=VERTEX_POINT('',#1551);
#607=VERTEX_POINT('',#1553);
#608=VERTEX_POINT('',#1555);
#609=VERTEX_POINT('',#1557);
#610=VERTEX_POINT('',#1559);
#611=VERTEX_POINT('',#1561);
#612=VERTEX_POINT('',#1563);
#613=VERTEX_POINT('',#1565);
#614=VERTEX_POINT('',#1567);
#615=VERTEX_POINT('',#1569);
#616=VERTEX_POINT('',#1571);
#617=VERTEX_POINT('',#1573);
#618=VERTEX_POINT('',#1575);
#619=VERTEX_POINT('',#1577);
#620=VERTEX_POINT('',#1580);
#621=VERTEX_POINT('',#1581);
#622=VERTEX_POINT('',#1584);
#623=VERTEX_POINT('',#1585);
#624=VERTEX_POINT('',#1588);
#625=VERTEX_POINT('',#1589);
#626=VERTEX_POINT('',#1592);
#627=VERTEX_POINT('',#1593);
#628=VERTEX_POINT('',#1596);
#629=VERTEX_POINT('',#1597);
#630=VERTEX_POINT('',#1604);
#631=VERTEX_POINT('',#1606);
#632=VERTEX_POINT('',#1615);
#633=VERTEX_POINT('',#1617);
#634=VERTEX_POINT('',#1626);
#635=VERTEX_POINT('',#1628);
#636=VERTEX_POINT('',#1630);
#637=VERTEX_POINT('',#1632);
#638=VERTEX_POINT('',#1641);
#639=VERTEX_POINT('',#1643);
#640=VERTEX_POINT('',#1652);
#641=VERTEX_POINT('',#1654);
#642=VERTEX_POINT('',#1663);
#643=VERTEX_POINT('',#1665);
#644=VERTEX_POINT('',#1675);
#645=VERTEX_POINT('',#1676);
#646=VERTEX_POINT('',#1679);
#647=VERTEX_POINT('',#1680);
#648=VERTEX_POINT('',#1683);
#649=VERTEX_POINT('',#1684);
#650=VERTEX_POINT('',#1687);
#651=VERTEX_POINT('',#1688);
#652=VERTEX_POINT('',#1691);
#653=VERTEX_POINT('',#1692);
#654=VERTEX_POINT('',#1695);
#655=VERTEX_POINT('',#1696);
#656=VERTEX_POINT('',#1698);
#657=VERTEX_POINT('',#1700);
#658=VERTEX_POINT('',#1702);
#659=VERTEX_POINT('',#1704);
#660=VERTEX_POINT('',#1706);
#661=VERTEX_POINT('',#1708);
#662=VERTEX_POINT('',#1710);
#663=VERTEX_POINT('',#1712);
#664=VERTEX_POINT('',#1714);
#665=VERTEX_POINT('',#1716);
#666=VERTEX_POINT('',#1718);
#667=VERTEX_POINT('',#1720);
#668=VERTEX_POINT('',#1722);
#669=VERTEX_POINT('',#1724);
#670=VERTEX_POINT('',#1887);
#671=VERTEX_POINT('',#1888);
#672=VERTEX_POINT('',#1891);
#673=VERTEX_POINT('',#1892);
#674=LINE('',#1328,#750);
#675=LINE('',#1340,#751);
#676=LINE('',#1366,#752);
#677=LINE('',#1378,#753);
#678=LINE('',#1408,#754);
#679=LINE('',#1412,#755);
#680=LINE('',#1426,#756);
#681=LINE('',#1428,#757);
#682=LINE('',#1430,#758);
#683=LINE('',#1441,#759);
#684=LINE('',#1452,#760);
#685=LINE('',#1454,#761);
#686=LINE('',#1470,#762);
#687=LINE('',#1471,#763);
#688=LINE('',#1476,#764);
#689=LINE('',#1478,#765);
#690=LINE('',#1489,#766);
#691=LINE('',#1500,#767);
#692=LINE('',#1511,#768);
#693=LINE('',#1522,#769);
#694=LINE('',#1526,#770);
#695=LINE('',#1537,#771);
#696=LINE('',#1547,#772);
#697=LINE('',#1556,#773);
#698=LINE('',#1564,#774);
#699=LINE('',#1572,#775);
#700=LINE('',#1603,#776);
#701=LINE('',#1605,#777);
#702=LINE('',#1616,#778);
#703=LINE('',#1627,#779);
#704=LINE('',#1631,#780);
#705=LINE('',#1642,#781);
#706=LINE('',#1653,#782);
#707=LINE('',#1664,#783);
#708=LINE('',#1699,#784);
#709=LINE('',#1707,#785);
#710=LINE('',#1715,#786);
#711=LINE('',#1723,#787);
#712=LINE('',#1730,#788);
#713=LINE('',#1735,#789);
#714=LINE('',#1750,#790);
#715=LINE('',#1751,#791);
#716=LINE('',#1766,#792);
#717=LINE('',#1767,#793);
#718=LINE('',#1782,#794);
#719=LINE('',#1783,#795);
#720=LINE('',#1798,#796);
#721=LINE('',#1799,#797);
#722=LINE('',#1808,#798);
#723=LINE('',#1809,#799);
#724=LINE('',#1818,#800);
#725=LINE('',#1819,#801);
#726=LINE('',#1828,#802);
#727=LINE('',#1829,#803);
#728=LINE('',#1834,#804);
#729=LINE('',#1835,#805);
#730=LINE('',#1844,#806);
#731=LINE('',#1845,#807);
#732=LINE('',#1862,#808);
#733=LINE('',#1863,#809);
#734=LINE('',#1880,#810);
#735=LINE('',#1881,#811);
#736=LINE('',#1902,#812);
#737=LINE('',#1903,#813);
#738=LINE('',#1908,#814);
#739=LINE('',#1917,#815);
#740=LINE('',#1926,#816);
#741=LINE('',#1947,#817);
#742=LINE('',#1964,#818);
#743=LINE('',#1981,#819);
#744=LINE('',#1982,#820);
#745=LINE('',#1999,#821);
#746=LINE('',#2016,#822);
#747=LINE('',#2017,#823);
#748=LINE('',#2038,#824);
#749=LINE('',#2039,#825);
#750=VECTOR('',#1115,1000.);
#751=VECTOR('',#1116,1000.);
#752=VECTOR('',#1117,1000.);
#753=VECTOR('',#1118,1000.);
#754=VECTOR('',#1127,1000.);
#755=VECTOR('',#1130,1000.);
#756=VECTOR('',#1133,1000.);
#757=VECTOR('',#1134,1000.);
#758=VECTOR('',#1135,1000.);
#759=VECTOR('',#1138,1000.);
#760=VECTOR('',#1141,1000.);
#761=VECTOR('',#1142,1000.);
#762=VECTOR('',#1147,1000.);
#763=VECTOR('',#1148,1000.);
#764=VECTOR('',#1149,1000.);
#765=VECTOR('',#1150,1000.);
#766=VECTOR('',#1151,1000.);
#767=VECTOR('',#1152,1000.);
#768=VECTOR('',#1153,1000.);
#769=VECTOR('',#1154,1000.);
#770=VECTOR('',#1157,1000.);
#771=VECTOR('',#1158,1000.);
#772=VECTOR('',#1159,1000.);
#773=VECTOR('',#1166,1000.);
#774=VECTOR('',#1173,1000.);
#775=VECTOR('',#1180,1000.);
#776=VECTOR('',#1207,1000.);
#777=VECTOR('',#1208,1000.);
#778=VECTOR('',#1209,1000.);
#779=VECTOR('',#1210,1000.);
#780=VECTOR('',#1213,1000.);
#781=VECTOR('',#1214,1000.);
#782=VECTOR('',#1215,1000.);
#783=VECTOR('',#1216,1000.);
#784=VECTOR('',#1241,1000.);
#785=VECTOR('',#1248,1000.);
#786=VECTOR('',#1255,1000.);
#787=VECTOR('',#1262,1000.);
#788=VECTOR('',#1265,1000.);
#789=VECTOR('',#1266,1000.);
#790=VECTOR('',#1267,1000.);
#791=VECTOR('',#1268,1000.);
#792=VECTOR('',#1269,1000.);
#793=VECTOR('',#1270,1000.);
#794=VECTOR('',#1271,1000.);
#795=VECTOR('',#1272,1000.);
#796=VECTOR('',#1273,1000.);
#797=VECTOR('',#1274,1000.);
#798=VECTOR('',#1275,1000.);
#799=VECTOR('',#1276,1000.);
#800=VECTOR('',#1277,1000.);
#801=VECTOR('',#1278,1000.);
#802=VECTOR('',#1279,1000.);
#803=VECTOR('',#1280,1000.);
#804=VECTOR('',#1281,1000.);
#805=VECTOR('',#1282,1000.);
#806=VECTOR('',#1283,1000.);
#807=VECTOR('',#1284,1000.);
#808=VECTOR('',#1285,1000.);
#809=VECTOR('',#1286,1000.);
#810=VECTOR('',#1287,1000.);
#811=VECTOR('',#1288,1000.);
#812=VECTOR('',#1297,1000.);
#813=VECTOR('',#1298,1000.);
#814=VECTOR('',#1299,1000.);
#815=VECTOR('',#1300,1000.);
#816=VECTOR('',#1301,1000.);
#817=VECTOR('',#1302,1000.);
#818=VECTOR('',#1303,1000.);
#819=VECTOR('',#1304,1000.);
#820=VECTOR('',#1305,1000.);
#821=VECTOR('',#1306,1000.);
#822=VECTOR('',#1307,1000.);
#823=VECTOR('',#1308,1000.);
#824=VECTOR('',#1309,1000.);
#825=VECTOR('',#1310,1000.);
#826=EDGE_LOOP('',(#114,#115,#116,#117));
#827=EDGE_LOOP('',(#118,#119,#120,#121));
#828=EDGE_LOOP('',(#122,#123));
#829=EDGE_LOOP('',(#124,#125));
#830=EDGE_LOOP('',(#126,#127,#128,#129));
#831=EDGE_LOOP('',(#130,#131,#132,#133));
#832=EDGE_LOOP('',(#134,#135,#136,#137));
#833=EDGE_LOOP('',(#138,#139,#140,#141));
#834=EDGE_LOOP('',(#142,#143,#144,#145));
#835=EDGE_LOOP('',(#146,#147,#148,#149));
#836=EDGE_LOOP('',(#150,#151,#152,#153));
#837=EDGE_LOOP('',(#154,#155,#156,#157,#158,#159,#160,#161,#162,#163,#164,
#165,#166,#167,#168,#169,#170,#171,#172,#173));
#838=EDGE_LOOP('',(#174,#175));
#839=EDGE_LOOP('',(#176,#177,#178,#179,#180,#181,#182,#183,#184,#185,#186,
#187,#188,#189,#190,#191));
#840=EDGE_LOOP('',(#192,#193));
#841=EDGE_LOOP('',(#194,#195));
#842=EDGE_LOOP('',(#196,#197));
#843=EDGE_LOOP('',(#198,#199));
#844=EDGE_LOOP('',(#200,#201));
#845=EDGE_LOOP('',(#202,#203,#204,#205,#206,#207,#208,#209,#210,#211,#212,
#213,#214,#215,#216,#217,#218,#219,#220,#221));
#846=EDGE_LOOP('',(#222,#223));
#847=EDGE_LOOP('',(#224,#225));
#848=EDGE_LOOP('',(#226,#227));
#849=EDGE_LOOP('',(#228,#229));
#850=EDGE_LOOP('',(#230,#231));
#851=EDGE_LOOP('',(#232,#233));
#852=EDGE_LOOP('',(#234,#235,#236,#237,#238,#239,#240,#241,#242,#243,#244,
#245,#246,#247,#248,#249));
#853=EDGE_LOOP('',(#250,#251,#252,#253));
#854=EDGE_LOOP('',(#254,#255,#256,#257));
#855=EDGE_LOOP('',(#258,#259,#260,#261));
#856=EDGE_LOOP('',(#262,#263,#264,#265));
#857=EDGE_LOOP('',(#266,#267,#268,#269));
#858=EDGE_LOOP('',(#270,#271,#272,#273));
#859=EDGE_LOOP('',(#274,#275,#276,#277));
#860=EDGE_LOOP('',(#278,#279,#280,#281));
#861=EDGE_LOOP('',(#282,#283,#284,#285,#286,#287));
#862=EDGE_LOOP('',(#288,#289,#290,#291));
#863=EDGE_LOOP('',(#292,#293,#294,#295,#296,#297));
#864=EDGE_LOOP('',(#298,#299,#300,#301));
#865=EDGE_LOOP('',(#302,#303,#304,#305));
#866=EDGE_LOOP('',(#306,#307));
#867=EDGE_LOOP('',(#308,#309));
#868=EDGE_LOOP('',(#310,#311,#312,#313));
#869=EDGE_LOOP('',(#314,#315,#316,#317));
#870=EDGE_LOOP('',(#318,#319,#320,#321));
#871=EDGE_LOOP('',(#322,#323,#324,#325));
#872=EDGE_LOOP('',(#326,#327,#328,#329));
#873=EDGE_LOOP('',(#330,#331,#332,#333,#334,#335));
#874=EDGE_LOOP('',(#336,#337,#338,#339));
#875=EDGE_LOOP('',(#340,#341,#342,#343,#344,#345));
#876=EDGE_LOOP('',(#346,#347,#348,#349));
#877=EDGE_LOOP('',(#350,#351,#352,#353));
#878=EDGE_LOOP('',(#354,#355,#356,#357));
#879=EDGE_LOOP('',(#358,#359,#360,#361));
#880=EDGE_LOOP('',(#362,#363,#364,#365));
#881=EDGE_LOOP('',(#366,#367,#368,#369));
#882=EDGE_LOOP('',(#370,#371,#372,#373));
#883=EDGE_LOOP('',(#374,#375,#376,#377));
#884=EDGE_LOOP('',(#378,#379,#380,#381));
#885=EDGE_LOOP('',(#382,#383,#384,#385));
#886=EDGE_LOOP('',(#386,#387,#388,#389));
#887=EDGE_LOOP('',(#390,#391,#392,#393));
#888=EDGE_LOOP('',(#394,#395,#396,#397));
#889=EDGE_LOOP('',(#398,#399,#400,#401));
#890=EDGE_LOOP('',(#402,#403,#404,#405));
#891=EDGE_LOOP('',(#406,#407,#408,#409));
#892=EDGE_LOOP('',(#410,#411,#412,#413));
#893=EDGE_LOOP('',(#414,#415,#416,#417));
#894=FACE_BOUND('',#826,.T.);
#895=FACE_BOUND('',#827,.T.);
#896=FACE_BOUND('',#828,.T.);
#897=FACE_BOUND('',#829,.T.);
#898=FACE_BOUND('',#830,.T.);
#899=FACE_BOUND('',#831,.T.);
#900=FACE_BOUND('',#832,.T.);
#901=FACE_BOUND('',#833,.T.);
#902=FACE_BOUND('',#834,.T.);
#903=FACE_BOUND('',#835,.T.);
#904=FACE_BOUND('',#836,.T.);
#905=FACE_BOUND('',#837,.T.);
#906=FACE_BOUND('',#838,.T.);
#907=FACE_BOUND('',#839,.T.);
#908=FACE_BOUND('',#840,.T.);
#909=FACE_BOUND('',#841,.T.);
#910=FACE_BOUND('',#842,.T.);
#911=FACE_BOUND('',#843,.T.);
#912=FACE_BOUND('',#844,.T.);
#913=FACE_BOUND('',#845,.T.);
#914=FACE_BOUND('',#846,.T.);
#915=FACE_BOUND('',#847,.T.);
#916=FACE_BOUND('',#848,.T.);
#917=FACE_BOUND('',#849,.T.);
#918=FACE_BOUND('',#850,.T.);
#919=FACE_BOUND('',#851,.T.);
#920=FACE_BOUND('',#852,.T.);
#921=FACE_BOUND('',#853,.T.);
#922=FACE_BOUND('',#854,.T.);
#923=FACE_BOUND('',#855,.T.);
#924=FACE_BOUND('',#856,.T.);
#925=FACE_BOUND('',#857,.T.);
#926=FACE_BOUND('',#858,.T.);
#927=FACE_BOUND('',#859,.T.);
#928=FACE_BOUND('',#860,.T.);
#929=FACE_BOUND('',#861,.T.);
#930=FACE_BOUND('',#862,.T.);
#931=FACE_BOUND('',#863,.T.);
#932=FACE_BOUND('',#864,.T.);
#933=FACE_BOUND('',#865,.T.);
#934=FACE_BOUND('',#866,.T.);
#935=FACE_BOUND('',#867,.T.);
#936=FACE_BOUND('',#868,.T.);
#937=FACE_BOUND('',#869,.T.);
#938=FACE_BOUND('',#870,.T.);
#939=FACE_BOUND('',#871,.T.);
#940=FACE_BOUND('',#872,.T.);
#941=FACE_BOUND('',#873,.T.);
#942=FACE_BOUND('',#874,.T.);
#943=FACE_BOUND('',#875,.T.);
#944=FACE_BOUND('',#876,.T.);
#945=FACE_BOUND('',#877,.T.);
#946=FACE_BOUND('',#878,.T.);
#947=FACE_BOUND('',#879,.T.);
#948=FACE_BOUND('',#880,.T.);
#949=FACE_BOUND('',#881,.T.);
#950=FACE_BOUND('',#882,.T.);
#951=FACE_BOUND('',#883,.T.);
#952=FACE_BOUND('',#884,.T.);
#953=FACE_BOUND('',#885,.T.);
#954=FACE_BOUND('',#886,.T.);
#955=FACE_BOUND('',#887,.T.);
#956=FACE_BOUND('',#888,.T.);
#957=FACE_BOUND('',#889,.T.);
#958=FACE_BOUND('',#890,.T.);
#959=FACE_BOUND('',#891,.T.);
#960=FACE_BOUND('',#892,.T.);
#961=FACE_BOUND('',#893,.T.);
#962=B_SPLINE_SURFACE_WITH_KNOTS('',5,1,((#1312,#1313),(#1314,#1315),(#1316,
#1317),(#1318,#1319),(#1320,#1321),(#1322,#1323),(#1324,#1325),(#1326,#1327)),
 .SURF_OF_LINEAR_EXTRUSION.,.F.,.F.,.F.,(6,2,6),(2,2),(0.190296967210275,
0.5,1.),(0.0454545454545452,0.96000001101862),.UNSPECIFIED.);
#963=B_SPLINE_SURFACE_WITH_KNOTS('',5,1,((#1350,#1351),(#1352,#1353),(#1354,
#1355),(#1356,#1357),(#1358,#1359),(#1360,#1361),(#1362,#1363),(#1364,#1365)),
 .SURF_OF_LINEAR_EXTRUSION.,.F.,.F.,.F.,(6,2,6),(2,2),(0.190296967090971,
0.5,1.),(0.0454545454545454,0.960000011018633),.UNSPECIFIED.);
#964=B_SPLINE_SURFACE_WITH_KNOTS('',1,1,((#1388,#1389),(#1390,#1391)),
 .PLANE_SURF.,.F.,.F.,.F.,(2,2),(2,2),(0.,1.),(0.,1.),.UNSPECIFIED.);
#965=B_SPLINE_SURFACE_WITH_KNOTS('',1,1,((#1422,#1423),(#1424,#1425)),
 .PLANE_SURF.,.F.,.F.,.F.,(2,2),(2,2),(0.,1.),(0.,1.),.UNSPECIFIED.);
#966=B_SPLINE_SURFACE_WITH_KNOTS('',1,1,((#1466,#1467),(#1468,#1469)),
 .PLANE_SURF.,.F.,.F.,.F.,(2,2),(2,2),(0.,1.),(0.,1.),.UNSPECIFIED.);
#967=B_SPLINE_SURFACE_WITH_KNOTS('',1,1,((#1472,#1473),(#1474,#1475)),
 .PLANE_SURF.,.F.,.F.,.F.,(2,2),(2,2),(0.0450773564661363,0.954545454545454),
(0.0450770987306273,0.954545454545455),.PIECEWISE_BEZIER_KNOTS.);
#968=B_SPLINE_SURFACE_WITH_KNOTS('',1,1,((#1599,#1600),(#1601,#1602)),
 .PLANE_SURF.,.F.,.F.,.F.,(2,2),(2,2),(0.0450773564661363,0.954545454545454),
(0.0450770987306273,0.954545454545455),.PIECEWISE_BEZIER_KNOTS.);
#969=B_SPLINE_SURFACE_WITH_KNOTS('',1,1,((#1726,#1727),(#1728,#1729)),
 .PLANE_SURF.,.F.,.F.,.F.,(2,2),(2,2),(0.0454545454545455,0.26120769630876),
(0.0454545454545453,0.954545454545454),.PIECEWISE_BEZIER_KNOTS.);
#970=B_SPLINE_SURFACE_WITH_KNOTS('',1,1,((#1731,#1732),(#1733,#1734)),
 .PLANE_SURF.,.F.,.F.,.F.,(2,2),(2,2),(0.736526702297907,0.954545454545455),
(0.0454545454545453,0.954545454545455),.PIECEWISE_BEZIER_KNOTS.);
#971=B_SPLINE_SURFACE_WITH_KNOTS('',1,1,((#1830,#1831),(#1832,#1833)),
 .PLANE_SURF.,.F.,.F.,.F.,(2,2),(2,2),(0.,1.),(0.,1.),.UNSPECIFIED.);
#972=B_SPLINE_SURFACE_WITH_KNOTS('',5,1,((#1846,#1847),(#1848,#1849),(#1850,
#1851),(#1852,#1853),(#1854,#1855),(#1856,#1857),(#1858,#1859),(#1860,#1861)),
 .SURF_OF_LINEAR_EXTRUSION.,.F.,.F.,.F.,(6,2,6),(2,2),(0.,0.5,1.),(0.0454545454545454,
0.954545454545455),.UNSPECIFIED.);
#973=B_SPLINE_SURFACE_WITH_KNOTS('',5,1,((#1864,#1865),(#1866,#1867),(#1868,
#1869),(#1870,#1871),(#1872,#1873),(#1874,#1875),(#1876,#1877),(#1878,#1879)),
 .SURF_OF_LINEAR_EXTRUSION.,.F.,.F.,.F.,(6,2,6),(2,2),(0.,0.5,1.),(0.0454545454545455,
0.954545454545454),.UNSPECIFIED.);
#974=B_SPLINE_SURFACE_WITH_KNOTS('',1,1,((#1882,#1883),(#1884,#1885)),
 .PLANE_SURF.,.F.,.F.,.F.,(2,2),(2,2),(0.,1.),(0.,1.),.UNSPECIFIED.);
#975=B_SPLINE_SURFACE_WITH_KNOTS('',1,1,((#1904,#1905),(#1906,#1907)),
 .PLANE_SURF.,.F.,.F.,.F.,(2,2),(2,2),(0.,1.),(0.,1.),.UNSPECIFIED.);
#976=B_SPLINE_SURFACE_WITH_KNOTS('',1,1,((#1918,#1919),(#1920,#1921)),
 .PLANE_SURF.,.F.,.F.,.F.,(2,2),(2,2),(0.,1.),(0.,1.),.UNSPECIFIED.);
#977=B_SPLINE_SURFACE_WITH_KNOTS('',1,1,((#1922,#1923),(#1924,#1925)),
 .PLANE_SURF.,.F.,.F.,.F.,(2,2),(2,2),(0.,1.),(0.,1.),.UNSPECIFIED.);
#978=B_SPLINE_SURFACE_WITH_KNOTS('',1,1,((#1935,#1936),(#1937,#1938)),
 .PLANE_SURF.,.F.,.F.,.F.,(2,2),(2,2),(0.,1.),(0.,1.),.UNSPECIFIED.);
#979=B_SPLINE_SURFACE_WITH_KNOTS('',5,1,((#1948,#1949),(#1950,#1951),(#1952,
#1953),(#1954,#1955),(#1956,#1957),(#1958,#1959),(#1960,#1961),(#1962,#1963)),
 .SURF_OF_LINEAR_EXTRUSION.,.F.,.F.,.F.,(6,2,6),(2,2),(0.,0.5,1.),(0.0454545454545454,
0.954545454545454),.UNSPECIFIED.);
#980=B_SPLINE_SURFACE_WITH_KNOTS('',5,1,((#1965,#1966),(#1967,#1968),(#1969,
#1970),(#1971,#1972),(#1973,#1974),(#1975,#1976),(#1977,#1978),(#1979,#1980)),
 .SURF_OF_LINEAR_EXTRUSION.,.F.,.F.,.F.,(6,2,6),(2,2),(0.,0.5,1.),(0.0454545454545453,
0.954545454545454),.UNSPECIFIED.);
#981=B_SPLINE_SURFACE_WITH_KNOTS('',5,1,((#1983,#1984),(#1985,#1986),(#1987,
#1988),(#1989,#1990),(#1991,#1992),(#1993,#1994),(#1995,#1996),(#1997,#1998)),
 .SURF_OF_LINEAR_EXTRUSION.,.F.,.F.,.F.,(6,2,6),(2,2),(0.,0.5,1.),(0.0454545454545453,
0.954545454545454),.UNSPECIFIED.);
#982=B_SPLINE_SURFACE_WITH_KNOTS('',5,1,((#2000,#2001),(#2002,#2003),(#2004,
#2005),(#2006,#2007),(#2008,#2009),(#2010,#2011),(#2012,#2013),(#2014,#2015)),
 .SURF_OF_LINEAR_EXTRUSION.,.F.,.F.,.F.,(6,2,6),(2,2),(0.,0.5,1.),(0.0454545454545454,
0.954545454545454),.UNSPECIFIED.);
#983=B_SPLINE_SURFACE_WITH_KNOTS('',1,1,((#2018,#2019),(#2020,#2021)),
 .PLANE_SURF.,.F.,.F.,.F.,(2,2),(2,2),(0.,1.),(0.,1.),.UNSPECIFIED.);
#984=B_SPLINE_SURFACE_WITH_KNOTS('',1,1,((#2022,#2023),(#2024,#2025)),
 .PLANE_SURF.,.F.,.F.,.F.,(2,2),(2,2),(0.,1.),(0.,1.),.UNSPECIFIED.);
#985=B_SPLINE_SURFACE_WITH_KNOTS('',1,1,((#2026,#2027),(#2028,#2029)),
 .PLANE_SURF.,.F.,.F.,.F.,(2,2),(2,2),(0.,1.),(0.,1.),.UNSPECIFIED.);
#986=B_SPLINE_SURFACE_WITH_KNOTS('',1,1,((#2040,#2041),(#2042,#2043)),
 .PLANE_SURF.,.F.,.F.,.F.,(2,2),(2,2),(0.,1.),(0.,1.),.UNSPECIFIED.);
#987=B_SPLINE_SURFACE_WITH_KNOTS('',1,1,((#2116,#2117),(#2118,#2119)),
 .PLANE_SURF.,.F.,.F.,.F.,(2,2),(2,2),(0.,1.),(0.,1.),.UNSPECIFIED.);
#988=ADVANCED_FACE('',(#894),#962,.F.);
#989=ADVANCED_FACE('',(#895),#963,.F.);
#990=ADVANCED_FACE('',(#896,#897),#964,.T.);
#991=ADVANCED_FACE('',(#898),#12,.F.);
#992=ADVANCED_FACE('',(#899),#13,.F.);
#993=ADVANCED_FACE('',(#900),#965,.T.);
#994=ADVANCED_FACE('',(#901),#14,.T.);
#995=ADVANCED_FACE('',(#902),#15,.F.);
#996=ADVANCED_FACE('',(#903),#16,.F.);
#997=ADVANCED_FACE('',(#904),#966,.F.);
#998=ADVANCED_FACE('',(#905,#906,#907,#908,#909,#910,#911,#912),#967,.T.);
#999=ADVANCED_FACE('',(#913,#914,#915,#916,#917,#918,#919,#920),#968,.F.);
#1000=ADVANCED_FACE('',(#921),#969,.F.);
#1001=ADVANCED_FACE('',(#922),#970,.F.);
#1002=ADVANCED_FACE('',(#923),#17,.F.);
#1003=ADVANCED_FACE('',(#924),#18,.F.);
#1004=ADVANCED_FACE('',(#925),#19,.F.);
#1005=ADVANCED_FACE('',(#926),#20,.F.);
#1006=ADVANCED_FACE('',(#927),#21,.T.);
#1007=ADVANCED_FACE('',(#928),#22,.T.);
#1008=ADVANCED_FACE('',(#929),#23,.T.);
#1009=ADVANCED_FACE('',(#930),#971,.F.);
#1010=ADVANCED_FACE('',(#931),#24,.T.);
#1011=ADVANCED_FACE('',(#932),#972,.F.);
#1012=ADVANCED_FACE('',(#933),#973,.F.);
#1013=ADVANCED_FACE('',(#934,#935),#974,.T.);
#1014=ADVANCED_FACE('',(#936),#25,.F.);
#1015=ADVANCED_FACE('',(#937),#975,.T.);
#1016=ADVANCED_FACE('',(#938),#26,.T.);
#1017=ADVANCED_FACE('',(#939),#976,.F.);
#1018=ADVANCED_FACE('',(#940),#977,.T.);
#1019=ADVANCED_FACE('',(#941),#27,.T.);
#1020=ADVANCED_FACE('',(#942),#978,.F.);
#1021=ADVANCED_FACE('',(#943),#28,.T.);
#1022=ADVANCED_FACE('',(#944),#979,.T.);
#1023=ADVANCED_FACE('',(#945),#980,.T.);
#1024=ADVANCED_FACE('',(#946),#981,.T.);
#1025=ADVANCED_FACE('',(#947),#982,.T.);
#1026=ADVANCED_FACE('',(#948),#983,.T.);
#1027=ADVANCED_FACE('',(#949),#984,.T.);
#1028=ADVANCED_FACE('',(#950),#985,.T.);
#1029=ADVANCED_FACE('',(#951),#29,.F.);
#1030=ADVANCED_FACE('',(#952),#986,.T.);
#1031=ADVANCED_FACE('',(#953),#30,.T.);
#1032=ADVANCED_FACE('',(#954),#31,.T.);
#1033=ADVANCED_FACE('',(#955),#32,.F.);
#1034=ADVANCED_FACE('',(#956),#33,.F.);
#1035=ADVANCED_FACE('',(#957),#34,.F.);
#1036=ADVANCED_FACE('',(#958),#35,.F.);
#1037=ADVANCED_FACE('',(#959),#987,.F.);
#1038=ADVANCED_FACE('',(#960),#36,.F.);
#1039=ADVANCED_FACE('',(#961),#37,.F.);
#1040=CLOSED_SHELL('',(#988,#989,#990,#991,#992,#993,#994,#995,#996,#997,
#998,#999,#1000,#1001,#1002,#1003,#1004,#1005,#1006,#1007,#1008,#1009,#1010,
#1011,#1012,#1013,#1014,#1015,#1016,#1017,#1018,#1019,#1020,#1021,#1022,
#1023,#1024,#1025,#1026,#1027,#1028,#1029,#1030,#1031,#1032,#1033,#1034,
#1035,#1036,#1037,#1038,#1039));
#1041=STYLED_ITEM('',(#1042),#1049);
#1042=PRESENTATION_STYLE_ASSIGNMENT((#1043));
#1043=SURFACE_STYLE_USAGE(.BOTH.,#1044);
#1044=SURFACE_SIDE_STYLE('',(#1045));
#1045=SURFACE_STYLE_FILL_AREA(#1046);
#1046=FILL_AREA_STYLE('',(#1047));
#1047=FILL_AREA_STYLE_COLOUR('',#1048);
#1048=COLOUR_RGB('',0.815686274509804,0.815686274509804,0.815686274509804);
#1049=MANIFOLD_SOLID_BREP('AS5600 Mount',#1040);
#1050=SHAPE_DEFINITION_REPRESENTATION(#2142,#1051);
#1051=SHAPE_REPRESENTATION('AS5600 Mount',(#1052),#2137);
#1052=AXIS2_PLACEMENT_3D('',#1311,#1113,#1114);
#1053=AXIS2_PLACEMENT_3D('',#1392,#1119,#1120);
#1054=AXIS2_PLACEMENT_3D('',#1395,#1121,#1122);
#1055=AXIS2_PLACEMENT_3D('',#1396,#1123,#1124);
#1056=AXIS2_PLACEMENT_3D('',#1399,#1125,#1126);
#1057=AXIS2_PLACEMENT_3D('',#1410,#1128,#1129);
#1058=AXIS2_PLACEMENT_3D('',#1421,#1131,#1132);
#1059=AXIS2_PLACEMENT_3D('',#1439,#1136,#1137);
#1060=AXIS2_PLACEMENT_3D('',#1443,#1139,#1140);
#1061=AXIS2_PLACEMENT_3D('',#1456,#1143,#1144);
#1062=AXIS2_PLACEMENT_3D('',#1465,#1145,#1146);
#1063=AXIS2_PLACEMENT_3D('',#1524,#1155,#1156);
#1064=AXIS2_PLACEMENT_3D('',#1550,#1160,#1161);
#1065=AXIS2_PLACEMENT_3D('',#1552,#1162,#1163);
#1066=AXIS2_PLACEMENT_3D('',#1554,#1164,#1165);
#1067=AXIS2_PLACEMENT_3D('',#1558,#1167,#1168);
#1068=AXIS2_PLACEMENT_3D('',#1560,#1169,#1170);
#1069=AXIS2_PLACEMENT_3D('',#1562,#1171,#1172);
#1070=AXIS2_PLACEMENT_3D('',#1566,#1174,#1175);
#1071=AXIS2_PLACEMENT_3D('',#1568,#1176,#1177);
#1072=AXIS2_PLACEMENT_3D('',#1570,#1178,#1179);
#1073=AXIS2_PLACEMENT_3D('',#1574,#1181,#1182);
#1074=AXIS2_PLACEMENT_3D('',#1576,#1183,#1184);
#1075=AXIS2_PLACEMENT_3D('',#1578,#1185,#1186);
#1076=AXIS2_PLACEMENT_3D('',#1579,#1187,#1188);
#1077=AXIS2_PLACEMENT_3D('',#1582,#1189,#1190);
#1078=AXIS2_PLACEMENT_3D('',#1583,#1191,#1192);
#1079=AXIS2_PLACEMENT_3D('',#1586,#1193,#1194);
#1080=AXIS2_PLACEMENT_3D('',#1587,#1195,#1196);
#1081=AXIS2_PLACEMENT_3D('',#1590,#1197,#1198);
#1082=AXIS2_PLACEMENT_3D('',#1591,#1199,#1200);
#1083=AXIS2_PLACEMENT_3D('',#1594,#1201,#1202);
#1084=AXIS2_PLACEMENT_3D('',#1595,#1203,#1204);
#1085=AXIS2_PLACEMENT_3D('',#1598,#1205,#1206);
#1086=AXIS2_PLACEMENT_3D('',#1629,#1211,#1212);
#1087=AXIS2_PLACEMENT_3D('',#1674,#1217,#1218);
#1088=AXIS2_PLACEMENT_3D('',#1677,#1219,#1220);
#1089=AXIS2_PLACEMENT_3D('',#1678,#1221,#1222);
#1090=AXIS2_PLACEMENT_3D('',#1681,#1223,#1224);
#1091=AXIS2_PLACEMENT_3D('',#1682,#1225,#1226);
#1092=AXIS2_PLACEMENT_3D('',#1685,#1227,#1228);
#1093=AXIS2_PLACEMENT_3D('',#1686,#1229,#1230);
#1094=AXIS2_PLACEMENT_3D('',#1689,#1231,#1232);
#1095=AXIS2_PLACEMENT_3D('',#1690,#1233,#1234);
#1096=AXIS2_PLACEMENT_3D('',#1693,#1235,#1236);
#1097=AXIS2_PLACEMENT_3D('',#1694,#1237,#1238);
#1098=AXIS2_PLACEMENT_3D('',#1697,#1239,#1240);
#1099=AXIS2_PLACEMENT_3D('',#1701,#1242,#1243);
#1100=AXIS2_PLACEMENT_3D('',#1703,#1244,#1245);
#1101=AXIS2_PLACEMENT_3D('',#1705,#1246,#1247);
#1102=AXIS2_PLACEMENT_3D('',#1709,#1249,#1250);
#1103=AXIS2_PLACEMENT_3D('',#1711,#1251,#1252);
#1104=AXIS2_PLACEMENT_3D('',#1713,#1253,#1254);
#1105=AXIS2_PLACEMENT_3D('',#1717,#1256,#1257);
#1106=AXIS2_PLACEMENT_3D('',#1719,#1258,#1259);
#1107=AXIS2_PLACEMENT_3D('',#1721,#1260,#1261);
#1108=AXIS2_PLACEMENT_3D('',#1725,#1263,#1264);
#1109=AXIS2_PLACEMENT_3D('',#1886,#1289,#1290);
#1110=AXIS2_PLACEMENT_3D('',#1889,#1291,#1292);
#1111=AXIS2_PLACEMENT_3D('',#1890,#1293,#1294);
#1112=AXIS2_PLACEMENT_3D('',#1893,#1295,#1296);
#1113=DIRECTION('',(0.,0.,1.));
#1114=DIRECTION('',(1.,0.,0.));
#1115=DIRECTION('',(0.,0.,-1.));
#1116=DIRECTION('',(0.,0.,-1.));
#1117=DIRECTION('',(0.,0.,1.));
#1118=DIRECTION('',(0.,0.,1.));
#1119=DIRECTION('',(0.,0.,-1.));
#1120=DIRECTION('',(1.,-7.53073313199593E-16,0.));
#1121=DIRECTION('',(0.,0.,-1.));
#1122=DIRECTION('',(1.,-7.53073313199593E-16,0.));
#1123=DIRECTION('',(0.,0.,-1.));
#1124=DIRECTION('',(1.,-7.53073313199593E-16,0.));
#1125=DIRECTION('',(0.,0.,-1.));
#1126=DIRECTION('',(1.,-7.53073313199593E-16,0.));
#1127=DIRECTION('',(0.,0.,-1.));
#1128=DIRECTION('',(0.,0.,-1.));
#1129=DIRECTION('',(1.,-7.53073313199593E-16,0.));
#1130=DIRECTION('',(0.,0.,-1.));
#1131=DIRECTION('',(0.,0.,-1.));
#1132=DIRECTION('',(1.,-7.53073313199593E-16,0.));
#1133=DIRECTION('',(1.,-7.53073313199593E-16,0.));
#1134=DIRECTION('',(0.,0.,-1.));
#1135=DIRECTION('',(1.,-7.53073313199593E-16,0.));
#1136=DIRECTION('',(0.,0.,-1.));
#1137=DIRECTION('',(1.,-7.53073313199593E-16,0.));
#1138=DIRECTION('',(0.,0.,-1.));
#1139=DIRECTION('',(0.,0.,-1.));
#1140=DIRECTION('',(1.,-7.53073313199593E-16,0.));
#1141=DIRECTION('',(0.,0.,1.));
#1142=DIRECTION('',(0.,0.,1.));
#1143=DIRECTION('',(0.,0.,-1.));
#1144=DIRECTION('',(1.,-7.53073313199593E-16,0.));
#1145=DIRECTION('',(0.,0.,-1.));
#1146=DIRECTION('',(1.,-7.53073313199593E-16,0.));
#1147=DIRECTION('',(1.,-7.53073313199593E-16,0.));
#1148=DIRECTION('',(1.,-7.53073313199593E-16,0.));
#1149=DIRECTION('',(-2.94020928131662E-16,-1.,0.));
#1150=DIRECTION('',(-2.94020928131662E-16,-1.,0.));
#1151=DIRECTION('',(1.,0.,0.));
#1152=DIRECTION('',(0.,-1.,0.));
#1153=DIRECTION('',(1.,0.,0.));
#1154=DIRECTION('',(0.,-1.,0.));
#1155=DIRECTION('',(0.,0.,1.));
#1156=DIRECTION('',(0.,-1.,0.));
#1157=DIRECTION('',(0.,-1.,0.));
#1158=DIRECTION('',(1.,0.,0.));
#1159=DIRECTION('',(-1.,-1.60565341519881E-16,0.));
#1160=DIRECTION('',(0.,0.,-1.));
#1161=DIRECTION('',(8.14305653156961E-16,1.,0.));
#1162=DIRECTION('',(0.,0.,1.));
#1163=DIRECTION('',(0.,-1.,0.));
#1164=DIRECTION('',(0.,0.,1.));
#1165=DIRECTION('',(0.,-1.,0.));
#1166=DIRECTION('',(0.,-1.,0.));
#1167=DIRECTION('',(0.,0.,-1.));
#1168=DIRECTION('',(8.14305653156961E-16,1.,0.));
#1169=DIRECTION('',(0.,0.,-1.));
#1170=DIRECTION('',(8.14305653156961E-16,1.,0.));
#1171=DIRECTION('',(0.,0.,1.));
#1172=DIRECTION('',(0.,-1.,0.));
#1173=DIRECTION('',(-1.,9.74870994676843E-16,0.));
#1174=DIRECTION('',(0.,0.,1.));
#1175=DIRECTION('',(0.,-1.,0.));
#1176=DIRECTION('',(0.,0.,-1.));
#1177=DIRECTION('',(8.14305653156961E-16,1.,0.));
#1178=DIRECTION('',(0.,0.,-1.));
#1179=DIRECTION('',(8.14305653156961E-16,1.,0.));
#1180=DIRECTION('',(0.,1.,0.));
#1181=DIRECTION('',(0.,0.,1.));
#1182=DIRECTION('',(0.,-1.,0.));
#1183=DIRECTION('',(0.,0.,1.));
#1184=DIRECTION('',(0.,-1.,0.));
#1185=DIRECTION('',(0.,0.,-1.));
#1186=DIRECTION('',(8.14305653156961E-16,1.,0.));
#1187=DIRECTION('',(0.,0.,1.));
#1188=DIRECTION('',(0.,-1.,0.));
#1189=DIRECTION('',(0.,0.,-1.));
#1190=DIRECTION('',(8.14305653156961E-16,1.,0.));
#1191=DIRECTION('',(0.,0.,1.));
#1192=DIRECTION('',(0.,-1.,0.));
#1193=DIRECTION('',(0.,0.,-1.));
#1194=DIRECTION('',(8.14305653156961E-16,1.,0.));
#1195=DIRECTION('',(0.,0.,1.));
#1196=DIRECTION('',(0.,-1.,0.));
#1197=DIRECTION('',(0.,0.,-1.));
#1198=DIRECTION('',(8.14305653156961E-16,1.,0.));
#1199=DIRECTION('',(0.,0.,1.));
#1200=DIRECTION('',(0.,-1.,0.));
#1201=DIRECTION('',(0.,0.,-1.));
#1202=DIRECTION('',(8.14305653156961E-16,1.,0.));
#1203=DIRECTION('',(0.,0.,1.));
#1204=DIRECTION('',(0.,-1.,0.));
#1205=DIRECTION('',(0.,0.,1.));
#1206=DIRECTION('',(0.,-1.,0.));
#1207=DIRECTION('',(-2.94020928131662E-16,-1.,0.));
#1208=DIRECTION('',(-2.94020928131662E-16,-1.,0.));
#1209=DIRECTION('',(1.,0.,0.));
#1210=DIRECTION('',(0.,-1.,0.));
#1211=DIRECTION('',(0.,0.,1.));
#1212=DIRECTION('',(0.,-1.,0.));
#1213=DIRECTION('',(0.,-1.,0.));
#1214=DIRECTION('',(1.,0.,0.));
#1215=DIRECTION('',(0.,-1.,0.));
#1216=DIRECTION('',(1.,0.,0.));
#1217=DIRECTION('',(0.,0.,1.));
#1218=DIRECTION('',(0.,-1.,0.));
#1219=DIRECTION('',(0.,0.,1.));
#1220=DIRECTION('',(0.,-1.,0.));
#1221=DIRECTION('',(0.,0.,1.));
#1222=DIRECTION('',(0.,-1.,0.));
#1223=DIRECTION('',(0.,0.,-1.));
#1224=DIRECTION('',(8.14305653156961E-16,1.,0.));
#1225=DIRECTION('',(0.,0.,1.));
#1226=DIRECTION('',(0.,-1.,0.));
#1227=DIRECTION('',(0.,0.,-1.));
#1228=DIRECTION('',(8.14305653156961E-16,1.,0.));
#1229=DIRECTION('',(0.,0.,1.));
#1230=DIRECTION('',(0.,-1.,0.));
#1231=DIRECTION('',(0.,0.,-1.));
#1232=DIRECTION('',(8.14305653156961E-16,1.,0.));
#1233=DIRECTION('',(0.,0.,1.));
#1234=DIRECTION('',(0.,-1.,0.));
#1235=DIRECTION('',(0.,0.,-1.));
#1236=DIRECTION('',(8.14305653156961E-16,1.,0.));
#1237=DIRECTION('',(0.,0.,1.));
#1238=DIRECTION('',(0.,-1.,0.));
#1239=DIRECTION('',(0.,0.,-1.));
#1240=DIRECTION('',(8.14305653156961E-16,1.,0.));
#1241=DIRECTION('',(-1.,-1.60565341519881E-16,0.));
#1242=DIRECTION('',(0.,0.,-1.));
#1243=DIRECTION('',(8.14305653156961E-16,1.,0.));
#1244=DIRECTION('',(0.,0.,1.));
#1245=DIRECTION('',(0.,-1.,0.));
#1246=DIRECTION('',(0.,0.,1.));
#1247=DIRECTION('',(0.,-1.,0.));
#1248=DIRECTION('',(0.,1.,0.));
#1249=DIRECTION('',(0.,0.,-1.));
#1250=DIRECTION('',(8.14305653156961E-16,1.,0.));
#1251=DIRECTION('',(0.,0.,-1.));
#1252=DIRECTION('',(8.14305653156961E-16,1.,0.));
#1253=DIRECTION('',(0.,0.,1.));
#1254=DIRECTION('',(0.,-1.,0.));
#1255=DIRECTION('',(-1.,9.74870994676843E-16,0.));
#1256=DIRECTION('',(0.,0.,1.));
#1257=DIRECTION('',(0.,-1.,0.));
#1258=DIRECTION('',(0.,0.,-1.));
#1259=DIRECTION('',(8.14305653156961E-16,1.,0.));
#1260=DIRECTION('',(0.,0.,-1.));
#1261=DIRECTION('',(8.14305653156961E-16,1.,0.));
#1262=DIRECTION('',(0.,-1.,0.));
#1263=DIRECTION('',(0.,0.,1.));
#1264=DIRECTION('',(0.,-1.,0.));
#1265=DIRECTION('',(0.,0.,-1.));
#1266=DIRECTION('',(0.,0.,1.));
#1267=DIRECTION('',(0.,0.,1.));
#1268=DIRECTION('',(0.,0.,1.));
#1269=DIRECTION('',(0.,0.,1.));
#1270=DIRECTION('',(0.,0.,1.));
#1271=DIRECTION('',(0.,0.,1.));
#1272=DIRECTION('',(0.,0.,1.));
#1273=DIRECTION('',(0.,0.,1.));
#1274=DIRECTION('',(0.,0.,1.));
#1275=DIRECTION('',(0.,0.,1.));
#1276=DIRECTION('',(0.,0.,1.));
#1277=DIRECTION('',(0.,0.,1.));
#1278=DIRECTION('',(0.,0.,1.));
#1279=DIRECTION('',(0.,0.,1.));
#1280=DIRECTION('',(0.,0.,1.));
#1281=DIRECTION('',(0.,0.,1.));
#1282=DIRECTION('',(0.,0.,1.));
#1283=DIRECTION('',(0.,0.,1.));
#1284=DIRECTION('',(0.,0.,1.));
#1285=DIRECTION('',(0.,0.,1.));
#1286=DIRECTION('',(0.,0.,-1.));
#1287=DIRECTION('',(0.,0.,1.));
#1288=DIRECTION('',(0.,0.,-1.));
#1289=DIRECTION('',(0.,0.,1.));
#1290=DIRECTION('',(0.,-1.,0.));
#1291=DIRECTION('',(0.,0.,1.));
#1292=DIRECTION('',(0.,-1.,0.));
#1293=DIRECTION('',(0.,0.,1.));
#1294=DIRECTION('',(0.,-1.,0.));
#1295=DIRECTION('',(0.,0.,1.));
#1296=DIRECTION('',(0.,-1.,0.));
#1297=DIRECTION('',(0.,0.,1.));
#1298=DIRECTION('',(0.,0.,1.));
#1299=DIRECTION('',(0.,0.,-1.));
#1300=DIRECTION('',(0.,0.,-1.));
#1301=DIRECTION('',(0.,0.,1.));
#1302=DIRECTION('',(0.,0.,1.));
#1303=DIRECTION('',(0.,0.,1.));
#1304=DIRECTION('',(0.,0.,1.));
#1305=DIRECTION('',(0.,0.,-1.));
#1306=DIRECTION('',(0.,0.,-1.));
#1307=DIRECTION('',(0.,0.,1.));
#1308=DIRECTION('',(0.,0.,-1.));
#1309=DIRECTION('',(0.,0.,-1.));
#1310=DIRECTION('',(0.,0.,-1.));
#1311=CARTESIAN_POINT('',(0.,0.,0.));
#1312=CARTESIAN_POINT('',(17.2927551867264,0.914595199126576,8.15));
#1313=CARTESIAN_POINT('',(17.2927551867264,0.914595199126576,3.9751));
#1314=CARTESIAN_POINT('',(17.2738615839714,0.815232880739771,8.15));
#1315=CARTESIAN_POINT('',(17.2738615839714,0.815232880739771,3.9751));
#1316=CARTESIAN_POINT('',(17.242417229866,0.714415650232614,8.15));
#1317=CARTESIAN_POINT('',(17.242417229866,0.714415650232614,3.9751));
#1318=CARTESIAN_POINT('',(17.1203578515255,0.458613613271292,8.15));
#1319=CARTESIAN_POINT('',(17.1203578515255,0.458613613271292,3.9751));
#1320=CARTESIAN_POINT('',(16.9108826063438,0.290227443151094,8.15));
#1321=CARTESIAN_POINT('',(16.9108826063438,0.290227443151094,3.9751));
#1322=CARTESIAN_POINT('',(16.6139914943209,0.209257139872121,8.15));
#1323=CARTESIAN_POINT('',(16.6139914943209,0.209257139872121,3.9751));
#1324=CARTESIAN_POINT('',(16.463991494321,0.209257139872121,8.15));
#1325=CARTESIAN_POINT('',(16.463991494321,0.209257139872121,3.9751));
#1326=CARTESIAN_POINT('',(16.3139914943209,0.209257139872121,8.15));
#1327=CARTESIAN_POINT('',(16.3139914943209,0.209257139872121,3.9751));
#1328=CARTESIAN_POINT('',(17.2927551877823,0.914595204679387,6.075));
#1329=CARTESIAN_POINT('',(17.2927551867264,0.91459519912657,4.));
#1330=CARTESIAN_POINT('',(17.2927551867264,0.91459519912657,8.15));
#1331=CARTESIAN_POINT('',(17.313991494321,1.20925713987212,4.));
#1332=CARTESIAN_POINT('',(17.3139914943208,1.05925713987212,4.));
#1333=CARTESIAN_POINT('',(17.3139914943208,0.909257139872121,4.));
#1334=CARTESIAN_POINT('',(17.213991494321,0.542590473205519,4.));
#1335=CARTESIAN_POINT('',(16.9806581609875,0.309257139872121,4.));
#1336=CARTESIAN_POINT('',(16.6139914943209,0.209257139872121,4.));
#1337=CARTESIAN_POINT('',(16.463991494321,0.209257139872121,4.));
#1338=CARTESIAN_POINT('',(16.3139914943209,0.209257139872121,4.));
#1339=CARTESIAN_POINT('',(16.3139914943209,0.209257139872121,4.00000005));
#1340=CARTESIAN_POINT('',(16.3139914943209,0.209257139872121,6.075));
#1341=CARTESIAN_POINT('',(16.3139914943959,0.209257139872121,8.14999994999998));
#1342=CARTESIAN_POINT('',(17.313991494321,1.20925713987212,8.15));
#1343=CARTESIAN_POINT('',(17.3139914943208,1.05925713987212,8.15));
#1344=CARTESIAN_POINT('',(17.3139914943208,0.909257139872121,8.15));
#1345=CARTESIAN_POINT('',(17.213991494321,0.542590473205519,8.15));
#1346=CARTESIAN_POINT('',(16.9806581609875,0.309257139872121,8.15));
#1347=CARTESIAN_POINT('',(16.6139914943209,0.209257139872121,8.15));
#1348=CARTESIAN_POINT('',(16.463991494321,0.209257139872121,8.15));
#1349=CARTESIAN_POINT('',(16.3139914943209,0.209257139872121,8.15));
#1350=CARTESIAN_POINT('',(17.2927551867628,-7.99608091957372,4.));
#1351=CARTESIAN_POINT('',(17.2927551867628,-7.99608091957372,8.1749));
#1352=CARTESIAN_POINT('',(17.2738615840199,-7.89671860115088,4.));
#1353=CARTESIAN_POINT('',(17.2738615840199,-7.89671860115088,8.1749));
#1354=CARTESIAN_POINT('',(17.24241722992,-7.79590137060144,4.));
#1355=CARTESIAN_POINT('',(17.24241722992,-7.79590137060144,8.1749));
#1356=CARTESIAN_POINT('',(17.1203578515873,-7.54009933357667,4.));
#1357=CARTESIAN_POINT('',(17.1203578515873,-7.54009933357667,8.1749));
#1358=CARTESIAN_POINT('',(16.9108826063876,-7.37171316341878,4.));
#1359=CARTESIAN_POINT('',(16.9108826063876,-7.37171316341879,8.1749));
#1360=CARTESIAN_POINT('',(16.613991494321,-7.29074286012789,4.));
#1361=CARTESIAN_POINT('',(16.613991494321,-7.29074286012789,8.1749));
#1362=CARTESIAN_POINT('',(16.463991494321,-7.29074286012789,4.));
#1363=CARTESIAN_POINT('',(16.463991494321,-7.29074286012789,8.1749));
#1364=CARTESIAN_POINT('',(16.3139914943208,-7.29074286012789,4.));
#1365=CARTESIAN_POINT('',(16.3139914943208,-7.29074286012789,8.1749));
#1366=CARTESIAN_POINT('',(17.2927551877823,-7.9960809249352,6.075));
#1367=CARTESIAN_POINT('',(17.2927551867264,-7.99608091938234,8.15));
#1368=CARTESIAN_POINT('',(17.2927551877823,-7.99608091938234,4.));
#1369=CARTESIAN_POINT('',(17.3139914943208,-8.29074286012788,8.15));
#1370=CARTESIAN_POINT('',(17.3139914943208,-8.14074286012788,8.15));
#1371=CARTESIAN_POINT('',(17.3139914943208,-7.99074286012788,8.15));
#1372=CARTESIAN_POINT('',(17.213991494321,-7.62407619346128,8.15));
#1373=CARTESIAN_POINT('',(16.9806581609876,-7.39074286012788,8.15));
#1374=CARTESIAN_POINT('',(16.613991494321,-7.29074286012789,8.15));
#1375=CARTESIAN_POINT('',(16.463991494321,-7.29074286012789,8.15));
#1376=CARTESIAN_POINT('',(16.3139914943208,-7.29074286012789,8.15));
#1377=CARTESIAN_POINT('',(16.3139914943208,-7.29074286012789,8.14999994999994));
#1378=CARTESIAN_POINT('',(16.3139914943208,-7.29074286012789,6.07499999999993));
#1379=CARTESIAN_POINT('',(16.3139914943959,-7.29074286012789,4.00000005000001));
#1380=CARTESIAN_POINT('',(17.3139914943208,-8.29074286012788,4.));
#1381=CARTESIAN_POINT('',(17.3139914943208,-8.14074286012788,4.));
#1382=CARTESIAN_POINT('',(17.3139914943208,-7.99074286012788,4.));
#1383=CARTESIAN_POINT('',(17.213991494321,-7.62407619346128,4.));
#1384=CARTESIAN_POINT('',(16.9806581609876,-7.39074286012788,4.));
#1385=CARTESIAN_POINT('',(16.613991494321,-7.29074286012789,4.));
#1386=CARTESIAN_POINT('',(16.463991494321,-7.29074286012789,4.));
#1387=CARTESIAN_POINT('',(16.3139914943208,-7.29074286012789,4.));
#1388=CARTESIAN_POINT('',(10.2243914943209,-0.20114286012788,4.65));
#1389=CARTESIAN_POINT('',(16.9035914943209,-0.20114286012788,4.65));
#1390=CARTESIAN_POINT('',(10.2243914943209,-6.88034286012788,4.65));
#1391=CARTESIAN_POINT('',(16.9035914943209,-6.88034286012788,4.65));
#1392=CARTESIAN_POINT('',(13.5639914943209,-3.54074286012788,4.65));
#1393=CARTESIAN_POINT('',(16.5639914943208,-3.54074286012788,4.65));
#1394=CARTESIAN_POINT('',(10.5639914943209,-3.54074286012788,4.65));
#1395=CARTESIAN_POINT('',(13.5639914943209,-3.54074286012788,4.65));
#1396=CARTESIAN_POINT('',(13.5639914943209,-3.54074286012788,4.65));
#1397=CARTESIAN_POINT('',(12.0639914943209,-3.54074286012788,4.65));
#1398=CARTESIAN_POINT('',(15.063991494321,-3.54074286012788,4.65));
#1399=CARTESIAN_POINT('',(13.5639914943209,-3.54074286012788,4.65));
#1400=CARTESIAN_POINT('',(15.063991494321,-3.54074286012788,4.65));
#1401=CARTESIAN_POINT('',(15.063991494321,-3.54074286012788,4.));
#1402=CARTESIAN_POINT('',(15.063991494321,-6.54074286012798,4.65));
#1403=CARTESIAN_POINT('',(15.063991494321,-6.54074286012798,4.));
#1404=CARTESIAN_POINT('',(12.0639914943209,-6.54074286012798,4.65));
#1405=CARTESIAN_POINT('',(12.0639914943209,-6.54074286012798,4.));
#1406=CARTESIAN_POINT('',(12.0639914943209,-3.54074286012788,4.65));
#1407=CARTESIAN_POINT('',(12.0639914943209,-3.54074286012788,4.));
#1408=CARTESIAN_POINT('',(15.063991494321,-3.54074286012788,4.325));
#1409=CARTESIAN_POINT('',(15.063991494321,-3.54074286012788,4.));
#1410=CARTESIAN_POINT('',(13.5639914943209,-3.54074286012788,4.));
#1411=CARTESIAN_POINT('',(12.0639914943209,-3.54074286012788,4.));
#1412=CARTESIAN_POINT('',(12.0639914943209,-3.54074286012788,4.325));
#1413=CARTESIAN_POINT('',(12.0639914943209,-3.54074286012788,4.65));
#1414=CARTESIAN_POINT('',(12.0639914943209,-3.54074286012788,4.));
#1415=CARTESIAN_POINT('',(12.0639914943209,-0.54074286012778,4.65));
#1416=CARTESIAN_POINT('',(12.0639914943209,-0.54074286012778,4.));
#1417=CARTESIAN_POINT('',(15.063991494321,-0.54074286012778,4.65));
#1418=CARTESIAN_POINT('',(15.063991494321,-0.54074286012778,4.));
#1419=CARTESIAN_POINT('',(15.063991494321,-3.54074286012788,4.65));
#1420=CARTESIAN_POINT('',(15.063991494321,-3.54074286012788,4.));
#1421=CARTESIAN_POINT('',(13.5639914943209,-3.54074286012788,4.));
#1422=CARTESIAN_POINT('',(13.4264914943171,-7.29074286012789,3.7925));
#1423=CARTESIAN_POINT('',(13.4264914943171,-7.29074286012789,8.3575));
#1424=CARTESIAN_POINT('',(16.4514914943997,-7.29074286012789,3.7925));
#1425=CARTESIAN_POINT('',(16.4514914943997,-7.29074286012789,8.3575));
#1426=CARTESIAN_POINT('',(15.438991494321,-7.29074286012789,8.15));
#1427=CARTESIAN_POINT('',(13.5639914943209,-7.29074286012789,8.15));
#1428=CARTESIAN_POINT('',(13.5639914943209,-7.29074286012789,8.152));
#1429=CARTESIAN_POINT('',(13.5639914943209,-7.29074286012789,4.));
#1430=CARTESIAN_POINT('',(15.438991494321,-7.29074286012789,4.));
#1431=CARTESIAN_POINT('',(13.5639914943209,-7.29074286012788,8.15));
#1432=CARTESIAN_POINT('',(13.5639914943209,-7.29074286012788,4.));
#1433=CARTESIAN_POINT('',(6.06399149432066,-7.29074286012788,8.15));
#1434=CARTESIAN_POINT('',(6.06399149432066,-7.29074286012788,4.));
#1435=CARTESIAN_POINT('',(6.06399149432076,0.209257139872319,8.15));
#1436=CARTESIAN_POINT('',(6.06399149432076,0.209257139872319,4.));
#1437=CARTESIAN_POINT('',(13.563991494321,0.20925713987212,8.15));
#1438=CARTESIAN_POINT('',(13.563991494321,0.20925713987212,4.));
#1439=CARTESIAN_POINT('',(13.5639914943209,-3.54074286012788,8.15));
#1440=CARTESIAN_POINT('',(13.563991494321,0.209257139872121,8.15));
#1441=CARTESIAN_POINT('',(13.563991494321,0.209257139872121,8.152));
#1442=CARTESIAN_POINT('',(13.563991494321,0.209257139872121,4.));
#1443=CARTESIAN_POINT('',(13.5639914943209,-3.54074286012788,4.));
#1444=CARTESIAN_POINT('',(16.5639914943209,-3.54074286012788,4.65));
#1445=CARTESIAN_POINT('',(16.5639914943209,-3.54074286012788,8.15));
#1446=CARTESIAN_POINT('',(16.5639914943209,2.45925713987212,4.65));
#1447=CARTESIAN_POINT('',(16.5639914943209,2.45925713987212,8.15));
#1448=CARTESIAN_POINT('',(10.5639914943209,2.45925713987212,4.65));
#1449=CARTESIAN_POINT('',(10.5639914943209,2.45925713987212,8.15));
#1450=CARTESIAN_POINT('',(10.5639914943209,-3.54074286012788,4.65));
#1451=CARTESIAN_POINT('',(10.5639914943209,-3.54074286012788,8.15));
#1452=CARTESIAN_POINT('',(10.5639914943209,-3.54074286012788,6.4));
#1453=CARTESIAN_POINT('',(10.5639914943209,-3.54074286012788,8.15));
#1454=CARTESIAN_POINT('',(16.5639914943208,-3.54074286012788,6.4));
#1455=CARTESIAN_POINT('',(16.5639914943208,-3.54074286012788,8.15));
#1456=CARTESIAN_POINT('',(13.5639914943209,-3.54074286012788,8.15));
#1457=CARTESIAN_POINT('',(10.5639914943209,-3.54074286012788,4.65));
#1458=CARTESIAN_POINT('',(10.5639914943209,-3.54074286012788,8.15));
#1459=CARTESIAN_POINT('',(10.5639914943209,-9.54074286012788,4.65));
#1460=CARTESIAN_POINT('',(10.5639914943209,-9.54074286012788,8.15));
#1461=CARTESIAN_POINT('',(16.5639914943209,-9.54074286012788,4.65));
#1462=CARTESIAN_POINT('',(16.5639914943209,-9.54074286012788,8.15));
#1463=CARTESIAN_POINT('',(16.5639914943209,-3.54074286012788,4.65));
#1464=CARTESIAN_POINT('',(16.5639914943209,-3.54074286012788,8.15));
#1465=CARTESIAN_POINT('',(13.5639914943209,-3.54074286012788,8.15));
#1466=CARTESIAN_POINT('',(13.4264914943172,0.209257139872121,3.7925));
#1467=CARTESIAN_POINT('',(13.4264914943172,0.209257139872121,8.3575));
#1468=CARTESIAN_POINT('',(16.4514914943997,0.209257139872122,3.7925));
#1469=CARTESIAN_POINT('',(16.4514914943997,0.209257139872122,8.3575));
#1470=CARTESIAN_POINT('',(15.438991494321,0.209257139872121,4.));
#1471=CARTESIAN_POINT('',(15.438991494321,0.209257139872121,8.15));
#1472=CARTESIAN_POINT('',(9.61453785505485,15.9376018904387,8.15));
#1473=CARTESIAN_POINT('',(40.8927551877823,15.9376018904387,8.15));
#1474=CARTESIAN_POINT('',(9.61453785505485,-15.3619791666665,8.15));
#1475=CARTESIAN_POINT('',(40.8927551877823,-15.3619791666665,8.15));
#1476=CARTESIAN_POINT('',(17.2927551877823,-3.56197916666651,8.15));
#1477=CARTESIAN_POINT('',(17.2927551877823,4.95926083333349,8.14999999999987));
#1478=CARTESIAN_POINT('',(17.2927551877823,-3.56197916666651,8.15));
#1479=CARTESIAN_POINT('',(17.2927551877823,-12.0832191666665,8.15));
#1480=CARTESIAN_POINT('',(20.5715151877823,-15.3619791666665,8.15));
#1481=CARTESIAN_POINT('',(20.0797011877823,-15.3619791666665,8.15));
#1482=CARTESIAN_POINT('',(19.5878871877823,-15.3619791666665,8.15));
#1483=CARTESIAN_POINT('',(18.3856751877823,-15.0341031666665,8.15));
#1484=CARTESIAN_POINT('',(17.6206311877823,-14.2690591666665,8.15));
#1485=CARTESIAN_POINT('',(17.2927551877823,-13.0668471666665,8.15));
#1486=CARTESIAN_POINT('',(17.2927551877823,-12.5750331666665,8.15));
#1487=CARTESIAN_POINT('',(17.2927551877823,-12.0832191666665,8.15));
#1488=CARTESIAN_POINT('',(20.5715151877823,-15.3619791666665,8.15));
#1489=CARTESIAN_POINT('',(29.0927551877823,-15.3619791666665,8.15));
#1490=CARTESIAN_POINT('',(37.6139951877823,-15.3619791666665,8.14999999999987));
#1491=CARTESIAN_POINT('',(37.6139951877823,-15.3619791666665,8.15));
#1492=CARTESIAN_POINT('',(38.1058091877823,-15.3619791666665,8.15));
#1493=CARTESIAN_POINT('',(38.5976231877823,-15.3619791666665,8.15));
#1494=CARTESIAN_POINT('',(39.7998351877823,-15.0341031666665,8.15));
#1495=CARTESIAN_POINT('',(40.5648791877823,-14.2690591666665,8.15));
#1496=CARTESIAN_POINT('',(40.8927551877823,-13.0668471666665,8.15));
#1497=CARTESIAN_POINT('',(40.8927551877823,-12.5750331666665,8.15));
#1498=CARTESIAN_POINT('',(40.8927551877823,-12.0832191666665,8.15));
#1499=CARTESIAN_POINT('',(40.8927551877823,-12.0832191666665,8.14999999999987));
#1500=CARTESIAN_POINT('',(40.8927551877823,-3.56197916666651,8.15));
#1501=CARTESIAN_POINT('',(40.8927551877823,4.9592608333335,8.15));
#1502=CARTESIAN_POINT('',(37.6139951877823,8.2380208333335,8.15));
#1503=CARTESIAN_POINT('',(38.1058091877823,8.2380208333335,8.15));
#1504=CARTESIAN_POINT('',(38.5976231877823,8.2380208333335,8.15));
#1505=CARTESIAN_POINT('',(39.7998351877823,7.91014483333349,8.15));
#1506=CARTESIAN_POINT('',(40.5648791877823,7.1451008333335,8.15));
#1507=CARTESIAN_POINT('',(40.8927551877823,5.9428888333335,8.15));
#1508=CARTESIAN_POINT('',(40.8927551877823,5.4510748333335,8.15));
#1509=CARTESIAN_POINT('',(40.8927551877823,4.9592608333335,8.15));
#1510=CARTESIAN_POINT('',(37.6139951877823,8.2380208333335,8.15));
#1511=CARTESIAN_POINT('',(29.0927551877823,8.2380208333335,8.15));
#1512=CARTESIAN_POINT('',(33.8427551877823,8.2380208333335,8.14999999999987));
#1513=CARTESIAN_POINT('',(33.8427551877823,8.2380208333335,8.15));
#1514=CARTESIAN_POINT('',(33.6927551877823,8.2380208333335,8.15));
#1515=CARTESIAN_POINT('',(33.5427551877823,8.2380208333335,8.15));
#1516=CARTESIAN_POINT('',(33.1760885211156,8.3380208333335,8.15));
#1517=CARTESIAN_POINT('',(32.9427551877823,8.57135416666683,8.15));
#1518=CARTESIAN_POINT('',(32.8427551877823,8.93802083333349,8.15));
#1519=CARTESIAN_POINT('',(32.8427551877823,9.08802083333349,8.15));
#1520=CARTESIAN_POINT('',(32.8427551877823,9.2380208333335,8.15));
#1521=CARTESIAN_POINT('',(32.8427551877823,9.2380208333335,8.14999999999987));
#1522=CARTESIAN_POINT('',(32.8427551877823,10.1130208333335,8.15));
#1523=CARTESIAN_POINT('',(32.8427551877823,11.9880208333335,8.15));
#1524=CARTESIAN_POINT('',(29.0927551877823,11.9880208333335,8.15));
#1525=CARTESIAN_POINT('',(25.3427551877823,11.9880208333335,8.15));
#1526=CARTESIAN_POINT('',(25.3427551877823,10.1130208333335,8.15));
#1527=CARTESIAN_POINT('',(25.3427551877823,9.2380208333335,8.15));
#1528=CARTESIAN_POINT('',(24.3427551877823,8.2380208333335,8.15));
#1529=CARTESIAN_POINT('',(24.4927551877823,8.2380208333335,8.15));
#1530=CARTESIAN_POINT('',(24.6427551877823,8.2380208333335,8.15));
#1531=CARTESIAN_POINT('',(25.009421854449,8.3380208333335,8.15));
#1532=CARTESIAN_POINT('',(25.2427551877823,8.57135416666683,8.15));
#1533=CARTESIAN_POINT('',(25.3427551877823,8.9380208333335,8.15));
#1534=CARTESIAN_POINT('',(25.3427551877823,9.0880208333335,8.15));
#1535=CARTESIAN_POINT('',(25.3427551877823,9.2380208333335,8.15));
#1536=CARTESIAN_POINT('',(24.3427551877823,8.2380208333335,8.15));
#1537=CARTESIAN_POINT('',(29.0927551877823,8.2380208333335,8.15));
#1538=CARTESIAN_POINT('',(20.5715151877823,8.2380208333335,8.14999999999987));
#1539=CARTESIAN_POINT('',(20.5715151877823,8.23802083333349,8.15));
#1540=CARTESIAN_POINT('',(20.0797011877823,8.23802083333349,8.15));
#1541=CARTESIAN_POINT('',(19.5878871877823,8.23802083333349,8.15));
#1542=CARTESIAN_POINT('',(18.3856751877823,7.91014483333349,8.15));
#1543=CARTESIAN_POINT('',(17.6206311877823,7.14510083333349,8.15));
#1544=CARTESIAN_POINT('',(17.2927551877823,5.9428888333335,8.15));
#1545=CARTESIAN_POINT('',(17.2927551877823,5.4510748333335,8.15));
#1546=CARTESIAN_POINT('',(17.2927551877823,4.95926083333349,8.15));
#1547=CARTESIAN_POINT('',(29.1139914943217,5.93235214072704,8.15));
#1548=CARTESIAN_POINT('',(34.5094025403141,5.93235214072704,8.15));
#1549=CARTESIAN_POINT('',(23.7185804483278,5.93235214072704,8.15));
#1550=CARTESIAN_POINT('',(37.113991494321,4.44368952593992,8.15));
#1551=CARTESIAN_POINT('',(34.1139968500054,4.43802083320519,8.15));
#1552=CARTESIAN_POINT('',(37.1139914943215,4.43235214072704,8.15));
#1553=CARTESIAN_POINT('',(37.1139914943215,1.43235214072704,8.15));
#1554=CARTESIAN_POINT('',(37.1139914943215,4.43235214072704,8.15));
#1555=CARTESIAN_POINT('',(38.6139914943215,1.83427592937373,8.15));
#1556=CARTESIAN_POINT('',(38.6139914943215,-3.5676478592731,8.15));
#1557=CARTESIAN_POINT('',(38.6139914943215,-8.95823426270678,8.15));
#1558=CARTESIAN_POINT('',(37.1139914943215,-11.5563104740601,8.15));
#1559=CARTESIAN_POINT('',(37.1139914943215,-8.5563104740601,8.15));
#1560=CARTESIAN_POINT('',(37.1139914943215,-11.5563104740601,8.15));
#1561=CARTESIAN_POINT('',(34.1139968500054,-11.5619791665419,8.15));
#1562=CARTESIAN_POINT('',(37.113991494321,-11.567647859273,8.15));
#1563=CARTESIAN_POINT('',(34.5094025403141,-13.0563104740601,8.15));
#1564=CARTESIAN_POINT('',(29.1139914943217,-13.0563104740601,8.15));
#1565=CARTESIAN_POINT('',(23.7185804483278,-13.0563104740601,8.15));
#1566=CARTESIAN_POINT('',(21.1139914943211,-11.5676478592725,8.15));
#1567=CARTESIAN_POINT('',(24.1139861386372,-11.5619791667933,8.15));
#1568=CARTESIAN_POINT('',(21.1139914943215,-11.5563104740605,8.15));
#1569=CARTESIAN_POINT('',(21.1139914943215,-8.5563104740605,8.15));
#1570=CARTESIAN_POINT('',(21.1139914943215,-11.5563104740605,8.15));
#1571=CARTESIAN_POINT('',(19.613991494321,-8.9582342627075,8.15));
#1572=CARTESIAN_POINT('',(19.613991494321,-3.56764785927234,8.15));
#1573=CARTESIAN_POINT('',(19.613991494321,1.83427592937448,8.15));
#1574=CARTESIAN_POINT('',(21.1139914943215,4.43235214072751,8.15));
#1575=CARTESIAN_POINT('',(21.1139914943215,1.43235214072751,8.15));
#1576=CARTESIAN_POINT('',(21.1139914943215,4.43235214072751,8.15));
#1577=CARTESIAN_POINT('',(24.1139861386372,4.43802083346029,8.15));
#1578=CARTESIAN_POINT('',(21.1139914943211,4.44368952593945,8.15));
#1579=CARTESIAN_POINT('',(21.1139914943215,4.43235214072751,8.15));
#1580=CARTESIAN_POINT('',(22.6139807829245,4.43802083339637,8.15));
#1581=CARTESIAN_POINT('',(19.6140022057182,4.4380208332706,8.15));
#1582=CARTESIAN_POINT('',(21.1139914943211,4.44368952593945,8.15));
#1583=CARTESIAN_POINT('',(37.1139914943215,4.43235214072704,8.15));
#1584=CARTESIAN_POINT('',(38.6139807829245,4.43802083339775,8.15));
#1585=CARTESIAN_POINT('',(35.6140022057182,4.43802083326922,8.15));
#1586=CARTESIAN_POINT('',(37.113991494321,4.44368952593993,8.15));
#1587=CARTESIAN_POINT('',(37.113991494321,-11.567647859273,8.15));
#1588=CARTESIAN_POINT('',(38.6139807829245,-11.5619791667289,8.15));
#1589=CARTESIAN_POINT('',(35.6140022057182,-11.5619791666041,8.15));
#1590=CARTESIAN_POINT('',(37.1139914943215,-11.5563104740601,8.15));
#1591=CARTESIAN_POINT('',(21.1139914943211,-11.5676478592725,8.15));
#1592=CARTESIAN_POINT('',(22.6139807829245,-11.5619791667294,8.15));
#1593=CARTESIAN_POINT('',(19.6140022057182,-11.5619791666036,8.15));
#1594=CARTESIAN_POINT('',(21.1139914943215,-11.5563104740605,8.15));
#1595=CARTESIAN_POINT('',(29.0927551877823,11.9880208333335,8.15));
#1596=CARTESIAN_POINT('',(29.0927551877823,8.9880208333335,8.15));
#1597=CARTESIAN_POINT('',(29.0927551877823,14.9880208333335,8.15));
#1598=CARTESIAN_POINT('',(29.0927551877823,11.9880208333335,8.15));
#1599=CARTESIAN_POINT('',(9.61453785505485,15.9376018904387,4.));
#1600=CARTESIAN_POINT('',(40.8927551877823,15.9376018904387,4.));
#1601=CARTESIAN_POINT('',(9.61453785505485,-15.3619791666665,4.));
#1602=CARTESIAN_POINT('',(40.8927551877823,-15.3619791666665,4.));
#1603=CARTESIAN_POINT('',(17.2927551877823,-3.56197916666651,4.));
#1604=CARTESIAN_POINT('',(17.2927551877823,-12.0832191666665,4.));
#1605=CARTESIAN_POINT('',(17.2927551877823,-3.56197916666651,4.));
#1606=CARTESIAN_POINT('',(17.2927551877823,4.95926083333349,4.00000000000006));
#1607=CARTESIAN_POINT('',(20.5715151877823,8.23802083333349,4.));
#1608=CARTESIAN_POINT('',(20.0797011877823,8.23802083333349,4.));
#1609=CARTESIAN_POINT('',(19.5878871877823,8.23802083333349,4.));
#1610=CARTESIAN_POINT('',(18.3856751877823,7.91014483333349,4.));
#1611=CARTESIAN_POINT('',(17.6206311877823,7.14510083333349,4.));
#1612=CARTESIAN_POINT('',(17.2927551877823,5.9428888333335,4.));
#1613=CARTESIAN_POINT('',(17.2927551877823,5.4510748333335,4.));
#1614=CARTESIAN_POINT('',(17.2927551877823,4.95926083333349,4.));
#1615=CARTESIAN_POINT('',(20.5715151877823,8.2380208333335,4.00000000000006));
#1616=CARTESIAN_POINT('',(29.0927551877823,8.2380208333335,4.));
#1617=CARTESIAN_POINT('',(24.3427551877823,8.2380208333335,4.));
#1618=CARTESIAN_POINT('',(24.3427551877823,8.2380208333335,4.));
#1619=CARTESIAN_POINT('',(24.4927551877823,8.2380208333335,4.));
#1620=CARTESIAN_POINT('',(24.6427551877823,8.2380208333335,4.));
#1621=CARTESIAN_POINT('',(25.009421854449,8.3380208333335,4.));
#1622=CARTESIAN_POINT('',(25.2427551877823,8.57135416666683,4.));
#1623=CARTESIAN_POINT('',(25.3427551877823,8.9380208333335,4.));
#1624=CARTESIAN_POINT('',(25.3427551877823,9.0880208333335,4.));
#1625=CARTESIAN_POINT('',(25.3427551877823,9.2380208333335,4.));
#1626=CARTESIAN_POINT('',(25.3427551877823,9.2380208333335,4.));
#1627=CARTESIAN_POINT('',(25.3427551877823,10.1130208333335,4.));
#1628=CARTESIAN_POINT('',(25.3427551877823,11.9880208333335,4.));
#1629=CARTESIAN_POINT('',(29.0927551877823,11.9880208333335,4.));
#1630=CARTESIAN_POINT('',(32.8427551877823,11.9880208333335,4.));
#1631=CARTESIAN_POINT('',(32.8427551877823,10.1130208333335,4.));
#1632=CARTESIAN_POINT('',(32.8427551877823,9.2380208333335,4.00000000000006));
#1633=CARTESIAN_POINT('',(33.8427551877823,8.2380208333335,4.));
#1634=CARTESIAN_POINT('',(33.6927551877823,8.2380208333335,4.));
#1635=CARTESIAN_POINT('',(33.5427551877823,8.2380208333335,4.));
#1636=CARTESIAN_POINT('',(33.1760885211157,8.3380208333335,4.));
#1637=CARTESIAN_POINT('',(32.9427551877823,8.57135416666683,4.));
#1638=CARTESIAN_POINT('',(32.8427551877823,8.93802083333349,4.));
#1639=CARTESIAN_POINT('',(32.8427551877823,9.08802083333349,4.));
#1640=CARTESIAN_POINT('',(32.8427551877823,9.2380208333335,4.));
#1641=CARTESIAN_POINT('',(33.8427551877823,8.2380208333335,4.00000000000006));
#1642=CARTESIAN_POINT('',(29.0927551877823,8.2380208333335,4.));
#1643=CARTESIAN_POINT('',(37.6139951877823,8.2380208333335,4.));
#1644=CARTESIAN_POINT('',(37.6139951877823,8.2380208333335,4.));
#1645=CARTESIAN_POINT('',(38.1058091877823,8.2380208333335,4.));
#1646=CARTESIAN_POINT('',(38.5976231877823,8.2380208333335,4.));
#1647=CARTESIAN_POINT('',(39.7998351877823,7.91014483333349,4.));
#1648=CARTESIAN_POINT('',(40.5648791877823,7.1451008333335,4.));
#1649=CARTESIAN_POINT('',(40.8927551877823,5.9428888333335,4.));
#1650=CARTESIAN_POINT('',(40.8927551877823,5.4510748333335,4.));
#1651=CARTESIAN_POINT('',(40.8927551877823,4.9592608333335,4.));
#1652=CARTESIAN_POINT('',(40.8927551877823,4.95926083333349,4.));
#1653=CARTESIAN_POINT('',(40.8927551877823,-3.56197916666651,4.));
#1654=CARTESIAN_POINT('',(40.8927551877823,-12.0832191666665,4.00000000000006));
#1655=CARTESIAN_POINT('',(37.6139951877823,-15.3619791666665,4.));
#1656=CARTESIAN_POINT('',(38.1058091877823,-15.3619791666665,4.));
#1657=CARTESIAN_POINT('',(38.5976231877823,-15.3619791666665,4.));
#1658=CARTESIAN_POINT('',(39.7998351877823,-15.0341031666665,4.));
#1659=CARTESIAN_POINT('',(40.5648791877823,-14.2690591666665,4.));
#1660=CARTESIAN_POINT('',(40.8927551877823,-13.0668471666665,4.));
#1661=CARTESIAN_POINT('',(40.8927551877823,-12.5750331666665,4.));
#1662=CARTESIAN_POINT('',(40.8927551877823,-12.0832191666665,4.));
#1663=CARTESIAN_POINT('',(37.6139951877823,-15.3619791666665,4.00000000000006));
#1664=CARTESIAN_POINT('',(29.0927551877823,-15.3619791666665,4.));
#1665=CARTESIAN_POINT('',(20.5715151877823,-15.3619791666665,4.));
#1666=CARTESIAN_POINT('',(20.5715151877823,-15.3619791666665,4.));
#1667=CARTESIAN_POINT('',(20.0797011877823,-15.3619791666665,4.));
#1668=CARTESIAN_POINT('',(19.5878871877823,-15.3619791666665,4.));
#1669=CARTESIAN_POINT('',(18.3856751877823,-15.0341031666665,4.));
#1670=CARTESIAN_POINT('',(17.6206311877823,-14.2690591666665,4.));
#1671=CARTESIAN_POINT('',(17.2927551877823,-13.0668471666665,4.));
#1672=CARTESIAN_POINT('',(17.2927551877823,-12.5750331666665,4.));
#1673=CARTESIAN_POINT('',(17.2927551877823,-12.0832191666665,4.));
#1674=CARTESIAN_POINT('',(29.0927551877823,11.9880208333335,4.));
#1675=CARTESIAN_POINT('',(29.0927551877823,13.4880208333335,4.));
#1676=CARTESIAN_POINT('',(29.0927551877823,10.4880208333335,4.));
#1677=CARTESIAN_POINT('',(29.0927551877823,11.9880208333335,4.));
#1678=CARTESIAN_POINT('',(21.1139914943211,-11.5676478592725,4.));
#1679=CARTESIAN_POINT('',(22.6139807829245,-11.5619791667294,4.));
#1680=CARTESIAN_POINT('',(19.6140022057182,-11.5619791666036,4.));
#1681=CARTESIAN_POINT('',(21.1139914943215,-11.5563104740605,4.));
#1682=CARTESIAN_POINT('',(37.1139914943215,4.43235214072704,4.));
#1683=CARTESIAN_POINT('',(38.6139807829245,4.43802083339775,4.));
#1684=CARTESIAN_POINT('',(35.6140022057182,4.43802083326922,4.));
#1685=CARTESIAN_POINT('',(37.113991494321,4.44368952593993,4.));
#1686=CARTESIAN_POINT('',(37.113991494321,-11.567647859273,4.));
#1687=CARTESIAN_POINT('',(38.6139807829245,-11.5619791667289,4.));
#1688=CARTESIAN_POINT('',(35.6140022057182,-11.5619791666041,4.));
#1689=CARTESIAN_POINT('',(37.1139914943215,-11.5563104740601,4.));
#1690=CARTESIAN_POINT('',(21.1139914943215,4.43235214072751,4.));
#1691=CARTESIAN_POINT('',(22.6139807829245,4.43802083339637,4.));
#1692=CARTESIAN_POINT('',(19.6140022057182,4.4380208332706,4.));
#1693=CARTESIAN_POINT('',(21.1139914943211,4.44368952593945,4.));
#1694=CARTESIAN_POINT('',(37.1139914943215,4.43235214072704,4.));
#1695=CARTESIAN_POINT('',(34.1139968500054,4.43802083320519,4.));
#1696=CARTESIAN_POINT('',(37.1139914943215,1.43235214072704,4.));
#1697=CARTESIAN_POINT('',(37.113991494321,4.44368952593992,4.));
#1698=CARTESIAN_POINT('',(34.5094025403141,5.93235214072704,4.));
#1699=CARTESIAN_POINT('',(7.09327,5.93235214072703,4.));
#1700=CARTESIAN_POINT('',(23.7185804483278,5.93235214072704,4.));
#1701=CARTESIAN_POINT('',(21.1139914943211,4.44368952593945,4.));
#1702=CARTESIAN_POINT('',(24.1139861386372,4.43802083346029,4.));
#1703=CARTESIAN_POINT('',(21.1139914943215,4.43235214072751,4.));
#1704=CARTESIAN_POINT('',(21.1139914943215,1.43235214072751,4.));
#1705=CARTESIAN_POINT('',(21.1139914943215,4.43235214072751,4.));
#1706=CARTESIAN_POINT('',(19.613991494321,1.83427592937448,3.99999999999995));
#1707=CARTESIAN_POINT('',(19.613991494321,0.0250000000000007,4.));
#1708=CARTESIAN_POINT('',(19.613991494321,-8.9582342627075,4.));
#1709=CARTESIAN_POINT('',(21.1139914943215,-11.5563104740605,4.));
#1710=CARTESIAN_POINT('',(21.1139914943215,-8.5563104740605,4.));
#1711=CARTESIAN_POINT('',(21.1139914943215,-11.5563104740605,4.));
#1712=CARTESIAN_POINT('',(24.1139861386372,-11.5619791667933,4.));
#1713=CARTESIAN_POINT('',(21.1139914943211,-11.5676478592725,4.));
#1714=CARTESIAN_POINT('',(23.7185804483278,-13.0563104740601,4.));
#1715=CARTESIAN_POINT('',(7.09327,-13.05631047406,4.));
#1716=CARTESIAN_POINT('',(34.5094025403141,-13.0563104740601,4.));
#1717=CARTESIAN_POINT('',(37.113991494321,-11.567647859273,4.));
#1718=CARTESIAN_POINT('',(34.1139968500054,-11.5619791665419,4.));
#1719=CARTESIAN_POINT('',(37.1139914943215,-11.5563104740601,4.));
#1720=CARTESIAN_POINT('',(37.1139914943215,-8.5563104740601,4.));
#1721=CARTESIAN_POINT('',(37.1139914943215,-11.5563104740601,4.));
#1722=CARTESIAN_POINT('',(38.6139914943215,-8.95823426270677,4.));
#1723=CARTESIAN_POINT('',(38.6139914943215,0.0250000000000007,4.));
#1724=CARTESIAN_POINT('',(38.6139914943215,1.83427592937373,4.));
#1725=CARTESIAN_POINT('',(37.1139914943215,4.43235214072704,4.));
#1726=CARTESIAN_POINT('',(17.2927551877823,4.95926083333349,8.15));
#1727=CARTESIAN_POINT('',(17.2927551877823,4.95926083333349,4.));
#1728=CARTESIAN_POINT('',(17.2927551877823,0.91459519912657,8.15));
#1729=CARTESIAN_POINT('',(17.2927551877823,0.91459519912657,4.));
#1730=CARTESIAN_POINT('',(17.2927551877823,4.95926083333349,6.07499999999993));
#1731=CARTESIAN_POINT('',(17.2927551877823,-7.99608091938234,8.15));
#1732=CARTESIAN_POINT('',(17.2927551877823,-7.99608091938234,4.));
#1733=CARTESIAN_POINT('',(17.2927551877823,-12.0832191666665,8.15));
#1734=CARTESIAN_POINT('',(17.2927551877823,-12.0832191666665,4.));
#1735=CARTESIAN_POINT('',(17.2927551877823,-12.0832191666665,6.075));
#1736=CARTESIAN_POINT('',(19.6395089328126,4.71919120616544,3.7925));
#1737=CARTESIAN_POINT('',(19.6395089328126,4.71919120616544,8.3575));
#1738=CARTESIAN_POINT('',(19.4534088081984,3.72318498140123,3.7925));
#1739=CARTESIAN_POINT('',(19.4534088081984,3.72318498140123,8.3575));
#1740=CARTESIAN_POINT('',(20.1007483566571,2.94368952589697,3.7925));
#1741=CARTESIAN_POINT('',(20.1007483566571,2.94368952589697,8.3575));
#1742=CARTESIAN_POINT('',(21.1139914943839,2.94368952593945,3.7925));
#1743=CARTESIAN_POINT('',(21.1139914943839,2.94368952593945,8.3575));
#1744=CARTESIAN_POINT('',(22.1272346321107,2.94368952598193,3.7925));
#1745=CARTESIAN_POINT('',(22.1272346321107,2.94368952598192,8.3575));
#1746=CARTESIAN_POINT('',(22.774574180504,3.72318498154047,3.7925));
#1747=CARTESIAN_POINT('',(22.774574180504,3.72318498154047,8.3575));
#1748=CARTESIAN_POINT('',(22.5884740558063,4.71919120628907,3.7925));
#1749=CARTESIAN_POINT('',(22.5884740558063,4.71919120628907,8.3575));
#1750=CARTESIAN_POINT('',(19.6140022057182,4.4380208332706,6.075));
#1751=CARTESIAN_POINT('',(22.6139807829245,4.43802083339637,6.075));
#1752=CARTESIAN_POINT('',(35.6395089328121,4.71919120616412,3.7925));
#1753=CARTESIAN_POINT('',(35.6395089328121,4.71919120616412,8.3575));
#1754=CARTESIAN_POINT('',(35.4534088081993,3.72318498139989,3.7925));
#1755=CARTESIAN_POINT('',(35.4534088081993,3.72318498139989,8.3575));
#1756=CARTESIAN_POINT('',(36.1007483566587,2.94368952589655,3.7925));
#1757=CARTESIAN_POINT('',(36.1007483566587,2.94368952589655,8.3575));
#1758=CARTESIAN_POINT('',(37.1139914943853,2.94368952593996,3.7925));
#1759=CARTESIAN_POINT('',(37.1139914943853,2.94368952593996,8.3575));
#1760=CARTESIAN_POINT('',(38.1272346321119,2.94368952598337,3.7925));
#1761=CARTESIAN_POINT('',(38.1272346321119,2.94368952598337,8.3575));
#1762=CARTESIAN_POINT('',(38.7745741805045,3.72318498154218,3.7925));
#1763=CARTESIAN_POINT('',(38.7745741805045,3.72318498154218,8.3575));
#1764=CARTESIAN_POINT('',(38.5884740558063,4.71919120629046,3.7925));
#1765=CARTESIAN_POINT('',(38.5884740558063,4.71919120629046,8.3575));
#1766=CARTESIAN_POINT('',(35.6140022057182,4.43802083326922,6.075));
#1767=CARTESIAN_POINT('',(38.6139807829245,4.43802083339775,6.075));
#1768=CARTESIAN_POINT('',(35.6395089328361,-11.2808087937114,3.7925));
#1769=CARTESIAN_POINT('',(35.6395089328361,-11.2808087937114,8.3575));
#1770=CARTESIAN_POINT('',(35.453408808139,-12.2768150184599,3.7925));
#1771=CARTESIAN_POINT('',(35.453408808139,-12.2768150184599,8.3575));
#1772=CARTESIAN_POINT('',(36.1007483565326,-13.056310474018,3.7925));
#1773=CARTESIAN_POINT('',(36.1007483565326,-13.056310474018,8.3575));
#1774=CARTESIAN_POINT('',(37.1139914942592,-13.0563104740601,3.7925));
#1775=CARTESIAN_POINT('',(37.1139914942592,-13.0563104740601,8.3575));
#1776=CARTESIAN_POINT('',(38.1272346319858,-13.0563104741023,3.7925));
#1777=CARTESIAN_POINT('',(38.1272346319858,-13.0563104741023,8.3575));
#1778=CARTESIAN_POINT('',(38.7745741804442,-12.2768150185981,3.7925));
#1779=CARTESIAN_POINT('',(38.7745741804442,-12.2768150185981,8.3575));
#1780=CARTESIAN_POINT('',(38.5884740558301,-11.280808793834,3.7925));
#1781=CARTESIAN_POINT('',(38.5884740558301,-11.280808793834,8.3575));
#1782=CARTESIAN_POINT('',(35.6140022057182,-11.5619791666041,6.075));
#1783=CARTESIAN_POINT('',(38.6139807829245,-11.5619791667289,6.075));
#1784=CARTESIAN_POINT('',(19.6395089328362,-11.2808087937109,3.7925));
#1785=CARTESIAN_POINT('',(19.6395089328362,-11.2808087937109,8.3575));
#1786=CARTESIAN_POINT('',(19.4534088081385,-12.2768150184595,3.7925));
#1787=CARTESIAN_POINT('',(19.4534088081385,-12.2768150184595,8.3575));
#1788=CARTESIAN_POINT('',(20.1007483565318,-13.056310474018,3.7925));
#1789=CARTESIAN_POINT('',(20.1007483565318,-13.056310474018,8.3575));
#1790=CARTESIAN_POINT('',(21.1139914942585,-13.0563104740605,3.7925));
#1791=CARTESIAN_POINT('',(21.1139914942585,-13.0563104740605,8.3575));
#1792=CARTESIAN_POINT('',(22.1272346319853,-13.056310474103,3.7925));
#1793=CARTESIAN_POINT('',(22.1272346319853,-13.056310474103,8.3575));
#1794=CARTESIAN_POINT('',(22.774574180444,-12.2768150185988,3.7925));
#1795=CARTESIAN_POINT('',(22.774574180444,-12.2768150185988,8.3575));
#1796=CARTESIAN_POINT('',(22.5884740558298,-11.2808087938346,3.7925));
#1797=CARTESIAN_POINT('',(22.5884740558298,-11.2808087938346,8.3575));
#1798=CARTESIAN_POINT('',(19.6140022057182,-11.5619791666036,6.075));
#1799=CARTESIAN_POINT('',(22.6139807829245,-11.5619791667294,6.075));
#1800=CARTESIAN_POINT('',(34.8344845291448,6.39403513523903,3.7925));
#1801=CARTESIAN_POINT('',(34.8344845291448,6.39403513523903,8.3575));
#1802=CARTESIAN_POINT('',(34.2300802432939,5.68762506473128,3.7925));
#1803=CARTESIAN_POINT('',(34.2300802432939,5.68762506473128,8.3575));
#1804=CARTESIAN_POINT('',(33.9922657773044,4.78886814084371,3.7925));
#1805=CARTESIAN_POINT('',(33.9922657773044,4.78886814084371,8.3575));
#1806=CARTESIAN_POINT('',(34.1681972100519,3.87597830113625,3.7925));
#1807=CARTESIAN_POINT('',(34.1681972100519,3.87597830113625,8.3575));
#1808=CARTESIAN_POINT('',(34.1139968500054,4.43802083320519,6.075));
#1809=CARTESIAN_POINT('',(34.5094025403141,5.93235214072704,-113.677756928461));
#1810=CARTESIAN_POINT('',(24.0597857786384,3.8759783013868,3.7925));
#1811=CARTESIAN_POINT('',(24.0597857786384,3.8759783013868,8.3575));
#1812=CARTESIAN_POINT('',(24.2357172112904,4.78886814101664,3.7925));
#1813=CARTESIAN_POINT('',(24.2357172112904,4.78886814101664,8.3575));
#1814=CARTESIAN_POINT('',(23.9979027452868,5.68762506480293,3.7925));
#1815=CARTESIAN_POINT('',(23.9979027452868,5.68762506480293,8.3575));
#1816=CARTESIAN_POINT('',(23.3934984594971,6.39403513523895,3.7925));
#1817=CARTESIAN_POINT('',(23.3934984594971,6.39403513523895,8.3575));
#1818=CARTESIAN_POINT('',(23.7185804483278,5.93235214072704,-113.677756928461));
#1819=CARTESIAN_POINT('',(24.1139861386372,4.43802083346029,6.075));
#1820=CARTESIAN_POINT('',(24.059785778591,-12.1240216988622,3.7925));
#1821=CARTESIAN_POINT('',(24.059785778591,-12.1240216988622,8.3575));
#1822=CARTESIAN_POINT('',(24.7075223548524,-8.7629842194118,3.7925));
#1823=CARTESIAN_POINT('',(24.7075223548524,-8.7629842194118,8.3575));
#1824=CARTESIAN_POINT('',(21.7448360274785,-7.04874230646919,3.7925));
#1825=CARTESIAN_POINT('',(21.7448360274785,-7.04874230646919,8.3575));
#1826=CARTESIAN_POINT('',(19.1537296823508,-9.28532530710574,3.7925));
#1827=CARTESIAN_POINT('',(19.1537296823508,-9.28532530710574,8.3575));
#1828=CARTESIAN_POINT('',(19.613991494321,-8.9582342627075,-113.677756928461));
#1829=CARTESIAN_POINT('',(24.1139861386372,-11.5619791667933,6.075));
#1830=CARTESIAN_POINT('',(23.1790393437285,-13.0563104740601,3.7925));
#1831=CARTESIAN_POINT('',(23.1790393437285,-13.0563104740601,8.3575));
#1832=CARTESIAN_POINT('',(35.0489436449134,-13.0563104740601,3.7925));
#1833=CARTESIAN_POINT('',(35.0489436449134,-13.0563104740601,8.3575));
#1834=CARTESIAN_POINT('',(23.7185804483278,-13.0563104740601,-113.677756928461));
#1835=CARTESIAN_POINT('',(34.5094025403141,-13.0563104740601,-113.677756928461));
#1836=CARTESIAN_POINT('',(39.0742533062918,-9.28532530710484,3.7925));
#1837=CARTESIAN_POINT('',(39.0742533062918,-9.28532530710484,8.3575));
#1838=CARTESIAN_POINT('',(36.4831469613253,-7.04874230660839,3.7925));
#1839=CARTESIAN_POINT('',(36.4831469613253,-7.04874230660839,8.3575));
#1840=CARTESIAN_POINT('',(33.5204606340648,-8.76298421932046,3.7925));
#1841=CARTESIAN_POINT('',(33.5204606340648,-8.76298421932046,8.3575));
#1842=CARTESIAN_POINT('',(34.1681972100046,-12.1240216986154,3.7925));
#1843=CARTESIAN_POINT('',(34.1681972100046,-12.1240216986154,8.3575));
#1844=CARTESIAN_POINT('',(34.1139968500054,-11.5619791665419,6.075));
#1845=CARTESIAN_POINT('',(38.6139914943215,-8.95823426270677,-113.677756928461));
#1846=CARTESIAN_POINT('',(24.3427551877823,8.2380208333335,4.));
#1847=CARTESIAN_POINT('',(24.3427551877823,8.2380208333335,8.15));
#1848=CARTESIAN_POINT('',(24.4927551877823,8.2380208333335,4.));
#1849=CARTESIAN_POINT('',(24.4927551877823,8.2380208333335,8.15));
#1850=CARTESIAN_POINT('',(24.6427551877823,8.2380208333335,4.));
#1851=CARTESIAN_POINT('',(24.6427551877823,8.2380208333335,8.15));
#1852=CARTESIAN_POINT('',(25.009421854449,8.3380208333335,4.));
#1853=CARTESIAN_POINT('',(25.009421854449,8.3380208333335,8.15));
#1854=CARTESIAN_POINT('',(25.2427551877823,8.57135416666683,4.));
#1855=CARTESIAN_POINT('',(25.2427551877823,8.57135416666683,8.15));
#1856=CARTESIAN_POINT('',(25.3427551877823,8.9380208333335,4.));
#1857=CARTESIAN_POINT('',(25.3427551877823,8.9380208333335,8.15));
#1858=CARTESIAN_POINT('',(25.3427551877823,9.0880208333335,4.));
#1859=CARTESIAN_POINT('',(25.3427551877823,9.0880208333335,8.15));
#1860=CARTESIAN_POINT('',(25.3427551877823,9.2380208333335,4.));
#1861=CARTESIAN_POINT('',(25.3427551877823,9.2380208333335,8.15));
#1862=CARTESIAN_POINT('',(25.3427551877823,9.2380208333335,6.075));
#1863=CARTESIAN_POINT('',(24.3427551877823,8.2380208333335,6.075));
#1864=CARTESIAN_POINT('',(33.8427551877823,8.2380208333335,8.14999999999987));
#1865=CARTESIAN_POINT('',(33.8427551877823,8.2380208333335,4.00000000000006));
#1866=CARTESIAN_POINT('',(33.6927551877823,8.2380208333335,8.14999999999987));
#1867=CARTESIAN_POINT('',(33.6927551877823,8.2380208333335,4.00000000000006));
#1868=CARTESIAN_POINT('',(33.5427551877823,8.2380208333335,8.14999999999987));
#1869=CARTESIAN_POINT('',(33.5427551877823,8.2380208333335,4.00000000000006));
#1870=CARTESIAN_POINT('',(33.1760885211157,8.3380208333335,8.14999999999987));
#1871=CARTESIAN_POINT('',(33.1760885211157,8.3380208333335,4.00000000000006));
#1872=CARTESIAN_POINT('',(32.9427551877823,8.57135416666683,8.14999999999987));
#1873=CARTESIAN_POINT('',(32.9427551877823,8.57135416666683,4.00000000000006));
#1874=CARTESIAN_POINT('',(32.8427551877823,8.93802083333349,8.14999999999987));
#1875=CARTESIAN_POINT('',(32.8427551877823,8.93802083333349,4.00000000000006));
#1876=CARTESIAN_POINT('',(32.8427551877823,9.08802083333349,8.14999999999987));
#1877=CARTESIAN_POINT('',(32.8427551877823,9.08802083333349,4.00000000000006));
#1878=CARTESIAN_POINT('',(32.8427551877823,9.2380208333335,8.14999999999987));
#1879=CARTESIAN_POINT('',(32.8427551877823,9.2380208333335,4.00000000000006));
#1880=CARTESIAN_POINT('',(33.8427551877823,8.2380208333335,6.07499999999993));
#1881=CARTESIAN_POINT('',(32.8427551877823,9.2380208333335,6.07499999999993));
#1882=CARTESIAN_POINT('',(25.7531551877823,8.6484208333335,4.65));
#1883=CARTESIAN_POINT('',(25.7531551877823,15.3276208333335,4.65));
#1884=CARTESIAN_POINT('',(32.4323551877823,8.6484208333335,4.65));
#1885=CARTESIAN_POINT('',(32.4323551877823,15.3276208333335,4.65));
#1886=CARTESIAN_POINT('',(29.0927551877823,11.9880208333335,4.65));
#1887=CARTESIAN_POINT('',(29.0927551877823,8.9880208333335,4.65));
#1888=CARTESIAN_POINT('',(29.0927551877823,14.9880208333335,4.65));
#1889=CARTESIAN_POINT('',(29.0927551877823,11.9880208333335,4.65));
#1890=CARTESIAN_POINT('',(29.0927551877823,11.9880208333335,4.65));
#1891=CARTESIAN_POINT('',(29.0927551877823,13.4880208333335,4.65));
#1892=CARTESIAN_POINT('',(29.0927551877823,10.4880208333335,4.65));
#1893=CARTESIAN_POINT('',(29.0927551877823,11.9880208333335,4.65));
#1894=CARTESIAN_POINT('',(29.0927551877823,8.9880208333335,4.65));
#1895=CARTESIAN_POINT('',(29.0927551877823,8.9880208333335,8.15));
#1896=CARTESIAN_POINT('',(35.0927551877823,8.9880208333335,4.65));
#1897=CARTESIAN_POINT('',(35.0927551877823,8.9880208333335,8.15));
#1898=CARTESIAN_POINT('',(35.0927551877823,14.9880208333335,4.65));
#1899=CARTESIAN_POINT('',(35.0927551877823,14.9880208333335,8.15));
#1900=CARTESIAN_POINT('',(29.0927551877823,14.9880208333335,4.65));
#1901=CARTESIAN_POINT('',(29.0927551877823,14.9880208333335,8.15));
#1902=CARTESIAN_POINT('',(29.0927551877823,14.9880208333335,6.4));
#1903=CARTESIAN_POINT('',(29.0927551877823,8.9880208333335,6.4));
#1904=CARTESIAN_POINT('',(32.8427551877823,12.1255208333335,8.3575));
#1905=CARTESIAN_POINT('',(32.8427551877823,12.1255208333335,3.7925));
#1906=CARTESIAN_POINT('',(32.8427551877823,9.1005208333335,8.3575));
#1907=CARTESIAN_POINT('',(32.8427551877823,9.1005208333335,3.7925));
#1908=CARTESIAN_POINT('',(32.8427551877823,11.9880208333335,8.152));
#1909=CARTESIAN_POINT('',(25.3427551877823,11.9880208333335,8.15));
#1910=CARTESIAN_POINT('',(25.3427551877823,11.9880208333335,4.));
#1911=CARTESIAN_POINT('',(25.3427551877823,19.4880208333335,8.15));
#1912=CARTESIAN_POINT('',(25.3427551877823,19.4880208333335,4.));
#1913=CARTESIAN_POINT('',(32.8427551877823,19.4880208333335,8.15));
#1914=CARTESIAN_POINT('',(32.8427551877823,19.4880208333335,4.));
#1915=CARTESIAN_POINT('',(32.8427551877823,11.9880208333335,8.15));
#1916=CARTESIAN_POINT('',(32.8427551877823,11.9880208333335,4.));
#1917=CARTESIAN_POINT('',(25.3427551877823,11.9880208333335,8.152));
#1918=CARTESIAN_POINT('',(25.3427551877823,12.1255208333335,8.3575));
#1919=CARTESIAN_POINT('',(25.3427551877823,12.1255208333335,3.7925));
#1920=CARTESIAN_POINT('',(25.3427551877823,9.1005208333335,8.3575));
#1921=CARTESIAN_POINT('',(25.3427551877823,9.1005208333335,3.7925));
#1922=CARTESIAN_POINT('',(19.613991494321,2.37390143897858,8.3575));
#1923=CARTESIAN_POINT('',(19.613991494321,2.37390143897858,3.79249999999995));
#1924=CARTESIAN_POINT('',(19.613991494321,-9.4978597723116,8.3575));
#1925=CARTESIAN_POINT('',(19.613991494321,-9.4978597723116,3.79249999999995));
#1926=CARTESIAN_POINT('',(19.613991494321,1.83427592937448,-113.677756928461));
#1927=CARTESIAN_POINT('',(19.1537296823508,2.16136697377264,3.79249999999995));
#1928=CARTESIAN_POINT('',(19.1537296823508,2.16136697377264,8.3575));
#1929=CARTESIAN_POINT('',(21.7448360274785,-0.075216026863981,3.79249999999995));
#1930=CARTESIAN_POINT('',(21.7448360274785,-0.0752160268639815,8.3575));
#1931=CARTESIAN_POINT('',(24.7075223548524,1.63902588607872,3.79249999999995));
#1932=CARTESIAN_POINT('',(24.7075223548524,1.63902588607872,8.3575));
#1933=CARTESIAN_POINT('',(24.0597857785909,5.00006336552922,3.79249999999995));
#1934=CARTESIAN_POINT('',(24.0597857785909,5.00006336552922,8.3575));
#1935=CARTESIAN_POINT('',(23.1790393437285,5.93235214072704,8.3575));
#1936=CARTESIAN_POINT('',(23.1790393437285,5.93235214072704,3.7925));
#1937=CARTESIAN_POINT('',(35.0489436449134,5.93235214072704,8.3575));
#1938=CARTESIAN_POINT('',(35.0489436449134,5.93235214072704,3.7925));
#1939=CARTESIAN_POINT('',(34.1681972100041,5.00006336527872,3.7925));
#1940=CARTESIAN_POINT('',(34.1681972100041,5.00006336527873,8.3575));
#1941=CARTESIAN_POINT('',(33.5204606340689,1.63902588598613,3.7925));
#1942=CARTESIAN_POINT('',(33.5204606340689,1.63902588598613,8.3575));
#1943=CARTESIAN_POINT('',(36.4831469613277,-0.0752160267226483,3.7925));
#1944=CARTESIAN_POINT('',(36.4831469613277,-0.0752160267226478,8.3575));
#1945=CARTESIAN_POINT('',(39.0742533062919,2.16136697377167,3.7925));
#1946=CARTESIAN_POINT('',(39.0742533062919,2.16136697377167,8.3575));
#1947=CARTESIAN_POINT('',(38.6139914943215,1.83427592937373,-113.677756928461));
#1948=CARTESIAN_POINT('',(20.5715151877823,8.23802083333349,4.00000000000006));
#1949=CARTESIAN_POINT('',(20.5715151877823,8.23802083333349,8.14999999999987));
#1950=CARTESIAN_POINT('',(20.0797011877823,8.23802083333349,4.00000000000006));
#1951=CARTESIAN_POINT('',(20.0797011877823,8.23802083333349,8.14999999999987));
#1952=CARTESIAN_POINT('',(19.5878871877823,8.23802083333349,4.00000000000006));
#1953=CARTESIAN_POINT('',(19.5878871877823,8.23802083333349,8.14999999999987));
#1954=CARTESIAN_POINT('',(18.3856751877823,7.91014483333349,4.00000000000006));
#1955=CARTESIAN_POINT('',(18.3856751877823,7.91014483333349,8.14999999999987));
#1956=CARTESIAN_POINT('',(17.6206311877823,7.14510083333349,4.00000000000006));
#1957=CARTESIAN_POINT('',(17.6206311877823,7.14510083333349,8.14999999999987));
#1958=CARTESIAN_POINT('',(17.2927551877823,5.9428888333335,4.00000000000006));
#1959=CARTESIAN_POINT('',(17.2927551877823,5.9428888333335,8.14999999999987));
#1960=CARTESIAN_POINT('',(17.2927551877823,5.4510748333335,4.00000000000006));
#1961=CARTESIAN_POINT('',(17.2927551877823,5.4510748333335,8.14999999999987));
#1962=CARTESIAN_POINT('',(17.2927551877823,4.95926083333349,4.00000000000006));
#1963=CARTESIAN_POINT('',(17.2927551877823,4.95926083333349,8.14999999999987));
#1964=CARTESIAN_POINT('',(20.5715151877823,8.2380208333335,6.07499999999993));
#1965=CARTESIAN_POINT('',(37.6139951877823,8.2380208333335,8.15));
#1966=CARTESIAN_POINT('',(37.6139951877823,8.2380208333335,4.));
#1967=CARTESIAN_POINT('',(38.1058091877823,8.2380208333335,8.15));
#1968=CARTESIAN_POINT('',(38.1058091877823,8.2380208333335,4.));
#1969=CARTESIAN_POINT('',(38.5976231877823,8.2380208333335,8.15));
#1970=CARTESIAN_POINT('',(38.5976231877823,8.2380208333335,4.));
#1971=CARTESIAN_POINT('',(39.7998351877823,7.91014483333349,8.15));
#1972=CARTESIAN_POINT('',(39.7998351877823,7.91014483333349,4.));
#1973=CARTESIAN_POINT('',(40.5648791877823,7.1451008333335,8.15));
#1974=CARTESIAN_POINT('',(40.5648791877823,7.1451008333335,4.));
#1975=CARTESIAN_POINT('',(40.8927551877823,5.9428888333335,8.15));
#1976=CARTESIAN_POINT('',(40.8927551877823,5.9428888333335,4.));
#1977=CARTESIAN_POINT('',(40.8927551877823,5.4510748333335,8.15));
#1978=CARTESIAN_POINT('',(40.8927551877823,5.4510748333335,4.));
#1979=CARTESIAN_POINT('',(40.8927551877823,4.9592608333335,8.15));
#1980=CARTESIAN_POINT('',(40.8927551877823,4.9592608333335,4.));
#1981=CARTESIAN_POINT('',(40.8927551877823,4.95926083333349,6.075));
#1982=CARTESIAN_POINT('',(37.6139951877823,8.2380208333335,6.075));
#1983=CARTESIAN_POINT('',(20.5715151877823,-15.3619791666665,8.15));
#1984=CARTESIAN_POINT('',(20.5715151877823,-15.3619791666665,4.));
#1985=CARTESIAN_POINT('',(20.0797011877823,-15.3619791666665,8.15));
#1986=CARTESIAN_POINT('',(20.0797011877823,-15.3619791666665,4.));
#1987=CARTESIAN_POINT('',(19.5878871877823,-15.3619791666665,8.15));
#1988=CARTESIAN_POINT('',(19.5878871877823,-15.3619791666665,4.));
#1989=CARTESIAN_POINT('',(18.3856751877823,-15.0341031666665,8.15));
#1990=CARTESIAN_POINT('',(18.3856751877823,-15.0341031666665,4.));
#1991=CARTESIAN_POINT('',(17.6206311877823,-14.2690591666665,8.15));
#1992=CARTESIAN_POINT('',(17.6206311877823,-14.2690591666665,4.));
#1993=CARTESIAN_POINT('',(17.2927551877823,-13.0668471666665,8.15));
#1994=CARTESIAN_POINT('',(17.2927551877823,-13.0668471666665,4.));
#1995=CARTESIAN_POINT('',(17.2927551877823,-12.5750331666665,8.15));
#1996=CARTESIAN_POINT('',(17.2927551877823,-12.5750331666665,4.));
#1997=CARTESIAN_POINT('',(17.2927551877823,-12.0832191666665,8.15));
#1998=CARTESIAN_POINT('',(17.2927551877823,-12.0832191666665,4.));
#1999=CARTESIAN_POINT('',(20.5715151877823,-15.3619791666665,6.075));
#2000=CARTESIAN_POINT('',(37.6139951877823,-15.3619791666665,4.00000000000006));
#2001=CARTESIAN_POINT('',(37.6139951877823,-15.3619791666665,8.14999999999987));
#2002=CARTESIAN_POINT('',(38.1058091877823,-15.3619791666665,4.00000000000006));
#2003=CARTESIAN_POINT('',(38.1058091877823,-15.3619791666665,8.14999999999987));
#2004=CARTESIAN_POINT('',(38.5976231877823,-15.3619791666665,4.00000000000006));
#2005=CARTESIAN_POINT('',(38.5976231877823,-15.3619791666665,8.14999999999987));
#2006=CARTESIAN_POINT('',(39.7998351877823,-15.0341031666665,4.00000000000006));
#2007=CARTESIAN_POINT('',(39.7998351877823,-15.0341031666665,8.14999999999987));
#2008=CARTESIAN_POINT('',(40.5648791877823,-14.2690591666665,4.00000000000006));
#2009=CARTESIAN_POINT('',(40.5648791877823,-14.2690591666665,8.14999999999987));
#2010=CARTESIAN_POINT('',(40.8927551877823,-13.0668471666665,4.00000000000006));
#2011=CARTESIAN_POINT('',(40.8927551877823,-13.0668471666665,8.14999999999987));
#2012=CARTESIAN_POINT('',(40.8927551877823,-12.5750331666665,4.00000000000006));
#2013=CARTESIAN_POINT('',(40.8927551877823,-12.5750331666665,8.14999999999987));
#2014=CARTESIAN_POINT('',(40.8927551877823,-12.0832191666665,4.00000000000006));
#2015=CARTESIAN_POINT('',(40.8927551877823,-12.0832191666665,8.14999999999987));
#2016=CARTESIAN_POINT('',(37.6139951877823,-15.3619791666665,6.07499999999993));
#2017=CARTESIAN_POINT('',(40.8927551877823,-12.0832191666665,6.07499999999993));
#2018=CARTESIAN_POINT('',(40.8927551877823,5.8113848333335,8.3575));
#2019=CARTESIAN_POINT('',(40.8927551877823,5.8113848333335,3.7925));
#2020=CARTESIAN_POINT('',(40.8927551877823,-12.9353431666665,8.3575));
#2021=CARTESIAN_POINT('',(40.8927551877823,-12.9353431666665,3.7925));
#2022=CARTESIAN_POINT('',(33.6541931877823,8.2380208333335,8.3575));
#2023=CARTESIAN_POINT('',(33.6541931877823,8.2380208333335,3.7925));
#2024=CARTESIAN_POINT('',(37.8025571877823,8.2380208333335,8.3575));
#2025=CARTESIAN_POINT('',(37.8025571877823,8.2380208333335,3.7925));
#2026=CARTESIAN_POINT('',(20.3829531877823,8.2380208333335,8.3575));
#2027=CARTESIAN_POINT('',(20.3829531877823,8.2380208333335,3.7925));
#2028=CARTESIAN_POINT('',(24.5313171877823,8.2380208333335,8.3575));
#2029=CARTESIAN_POINT('',(24.5313171877823,8.2380208333335,3.7925));
#2030=CARTESIAN_POINT('',(29.0927551877823,13.4880208333335,4.65));
#2031=CARTESIAN_POINT('',(29.0927551877823,13.4880208333335,4.));
#2032=CARTESIAN_POINT('',(32.0927551877823,13.4880208333335,4.65));
#2033=CARTESIAN_POINT('',(32.0927551877823,13.4880208333335,4.));
#2034=CARTESIAN_POINT('',(32.0927551877823,10.4880208333335,4.65));
#2035=CARTESIAN_POINT('',(32.0927551877823,10.4880208333335,4.));
#2036=CARTESIAN_POINT('',(29.0927551877823,10.4880208333335,4.65));
#2037=CARTESIAN_POINT('',(29.0927551877823,10.4880208333335,4.));
#2038=CARTESIAN_POINT('',(29.0927551877823,10.4880208333335,4.325));
#2039=CARTESIAN_POINT('',(29.0927551877823,13.4880208333335,4.325));
#2040=CARTESIAN_POINT('',(38.6139914943215,-9.49785977231081,8.3575));
#2041=CARTESIAN_POINT('',(38.6139914943215,-9.49785977231081,3.7925));
#2042=CARTESIAN_POINT('',(38.6139914943215,2.37390143897776,8.3575));
#2043=CARTESIAN_POINT('',(38.6139914943215,2.37390143897776,3.7925));
#2044=CARTESIAN_POINT('',(34.1681972100513,-10.9999366344729,3.7925));
#2045=CARTESIAN_POINT('',(34.1681972100513,-10.9999366344729,8.3575));
#2046=CARTESIAN_POINT('',(33.9922657773051,-11.9128264741792,3.7925));
#2047=CARTESIAN_POINT('',(33.9922657773051,-11.9128264741792,8.3575));
#2048=CARTESIAN_POINT('',(34.2300802432947,-12.8115833980654,3.7925));
#2049=CARTESIAN_POINT('',(34.2300802432947,-12.8115833980654,8.3575));
#2050=CARTESIAN_POINT('',(34.8344845291447,-13.5179934685721,3.7925));
#2051=CARTESIAN_POINT('',(34.8344845291447,-13.5179934685721,8.3575));
#2052=CARTESIAN_POINT('',(23.3934984594971,-13.517993468572,3.7925));
#2053=CARTESIAN_POINT('',(23.3934984594971,-13.517993468572,8.3575));
#2054=CARTESIAN_POINT('',(23.9979027452868,-12.811583398136,3.7925));
#2055=CARTESIAN_POINT('',(23.9979027452868,-12.811583398136,8.3575));
#2056=CARTESIAN_POINT('',(24.2357172112904,-11.9128264743497,3.7925));
#2057=CARTESIAN_POINT('',(24.2357172112904,-11.9128264743497,8.3575));
#2058=CARTESIAN_POINT('',(24.0597857786384,-10.9999366347198,3.7925));
#2059=CARTESIAN_POINT('',(24.0597857786384,-10.9999366347198,8.3575));
#2060=CARTESIAN_POINT('',(22.5884740558063,-11.8431495396221,3.7925));
#2061=CARTESIAN_POINT('',(22.5884740558063,-11.8431495396221,8.3575));
#2062=CARTESIAN_POINT('',(22.7745741805041,-10.8471433148735,3.7925));
#2063=CARTESIAN_POINT('',(22.7745741805041,-10.8471433148735,8.3575));
#2064=CARTESIAN_POINT('',(22.1272346321107,-10.0676478593149,3.7925));
#2065=CARTESIAN_POINT('',(22.1272346321107,-10.0676478593149,8.3575));
#2066=CARTESIAN_POINT('',(21.1139914943839,-10.0676478592724,3.7925));
#2067=CARTESIAN_POINT('',(21.1139914943839,-10.0676478592724,8.3575));
#2068=CARTESIAN_POINT('',(20.1007483566571,-10.0676478592299,3.7925));
#2069=CARTESIAN_POINT('',(20.1007483566571,-10.0676478592299,8.3575));
#2070=CARTESIAN_POINT('',(19.4534088081984,-10.8471433147342,3.7925));
#2071=CARTESIAN_POINT('',(19.4534088081984,-10.8471433147342,8.3575));
#2072=CARTESIAN_POINT('',(19.6395089328126,-11.8431495394984,3.7925));
#2073=CARTESIAN_POINT('',(19.6395089328126,-11.8431495394984,8.3575));
#2074=CARTESIAN_POINT('',(38.5884740558067,-11.8431495396216,3.7925));
#2075=CARTESIAN_POINT('',(38.5884740558067,-11.8431495396216,8.3575));
#2076=CARTESIAN_POINT('',(38.7745741805036,-10.8471433148732,3.7925));
#2077=CARTESIAN_POINT('',(38.7745741805036,-10.8471433148732,8.3575));
#2078=CARTESIAN_POINT('',(38.1272346321101,-10.0676478593152,3.7925));
#2079=CARTESIAN_POINT('',(38.1272346321101,-10.0676478593152,8.3575));
#2080=CARTESIAN_POINT('',(37.1139914943836,-10.0676478592731,3.7925));
#2081=CARTESIAN_POINT('',(37.1139914943836,-10.0676478592731,8.3575));
#2082=CARTESIAN_POINT('',(36.1007483566571,-10.0676478592309,3.7925));
#2083=CARTESIAN_POINT('',(36.1007483566571,-10.0676478592309,8.3575));
#2084=CARTESIAN_POINT('',(35.4534088081987,-10.847143314735,3.7925));
#2085=CARTESIAN_POINT('',(35.4534088081987,-10.847143314735,8.3575));
#2086=CARTESIAN_POINT('',(35.6395089328128,-11.8431495394989,3.7925));
#2087=CARTESIAN_POINT('',(35.6395089328128,-11.8431495394989,8.3575));
#2088=CARTESIAN_POINT('',(38.5884740558304,4.15685046050285,3.7925));
#2089=CARTESIAN_POINT('',(38.5884740558304,4.15685046050285,8.3575));
#2090=CARTESIAN_POINT('',(38.7745741804432,5.15285668526707,3.7925));
#2091=CARTESIAN_POINT('',(38.7745741804432,5.15285668526707,8.3575));
#2092=CARTESIAN_POINT('',(38.1272346319838,5.9323521407704,3.7925));
#2093=CARTESIAN_POINT('',(38.1272346319838,5.9323521407704,8.3575));
#2094=CARTESIAN_POINT('',(37.1139914942573,5.93235214072699,3.7925));
#2095=CARTESIAN_POINT('',(37.1139914942573,5.93235214072699,8.3575));
#2096=CARTESIAN_POINT('',(36.1007483565307,5.93235214068358,3.7925));
#2097=CARTESIAN_POINT('',(36.1007483565307,5.93235214068358,8.3575));
#2098=CARTESIAN_POINT('',(35.4534088081381,5.15285668512478,3.7925));
#2099=CARTESIAN_POINT('',(35.4534088081381,5.15285668512478,8.3575));
#2100=CARTESIAN_POINT('',(35.6395089328363,4.15685046037651,3.7925));
#2101=CARTESIAN_POINT('',(35.6395089328363,4.15685046037651,8.3575));
#2102=CARTESIAN_POINT('',(22.58847405583,4.15685046050153,3.7925));
#2103=CARTESIAN_POINT('',(22.58847405583,4.15685046050153,8.3575));
#2104=CARTESIAN_POINT('',(22.7745741804442,5.15285668526574,3.7925));
#2105=CARTESIAN_POINT('',(22.7745741804442,5.15285668526574,8.3575));
#2106=CARTESIAN_POINT('',(22.1272346319855,5.93235214077,3.7925));
#2107=CARTESIAN_POINT('',(22.1272346319855,5.93235214077,8.3575));
#2108=CARTESIAN_POINT('',(21.1139914942587,5.93235214072752,3.7925));
#2109=CARTESIAN_POINT('',(21.1139914942587,5.93235214072752,8.3575));
#2110=CARTESIAN_POINT('',(20.1007483565319,5.93235214068504,3.7925));
#2111=CARTESIAN_POINT('',(20.1007483565319,5.93235214068504,8.3575));
#2112=CARTESIAN_POINT('',(19.4534088081386,5.1528566851265,3.7925));
#2113=CARTESIAN_POINT('',(19.4534088081386,5.1528566851265,8.3575));
#2114=CARTESIAN_POINT('',(19.6395089328363,4.1568504603779,3.7925));
#2115=CARTESIAN_POINT('',(19.6395089328363,4.1568504603779,8.3575));
#2116=CARTESIAN_POINT('',(19.7193911877823,-15.3619791666665,8.3575));
#2117=CARTESIAN_POINT('',(19.7193911877823,-15.3619791666665,3.7925));
#2118=CARTESIAN_POINT('',(38.4661191877823,-15.3619791666665,8.3575));
#2119=CARTESIAN_POINT('',(38.4661191877823,-15.3619791666665,3.7925));
#2120=CARTESIAN_POINT('',(29.0927551877823,10.4880208333335,4.65));
#2121=CARTESIAN_POINT('',(29.0927551877823,10.4880208333335,4.));
#2122=CARTESIAN_POINT('',(26.0927551877823,10.4880208333335,4.65));
#2123=CARTESIAN_POINT('',(26.0927551877823,10.4880208333335,4.));
#2124=CARTESIAN_POINT('',(26.0927551877823,13.4880208333335,4.65));
#2125=CARTESIAN_POINT('',(26.0927551877823,13.4880208333335,4.));
#2126=CARTESIAN_POINT('',(29.0927551877823,13.4880208333335,4.65));
#2127=CARTESIAN_POINT('',(29.0927551877823,13.4880208333335,4.));
#2128=CARTESIAN_POINT('',(29.0927551877823,14.9880208333335,4.65));
#2129=CARTESIAN_POINT('',(29.0927551877823,14.9880208333335,8.15));
#2130=CARTESIAN_POINT('',(23.0927551877823,14.9880208333335,4.65));
#2131=CARTESIAN_POINT('',(23.0927551877823,14.9880208333335,8.15));
#2132=CARTESIAN_POINT('',(23.0927551877823,8.9880208333335,4.65));
#2133=CARTESIAN_POINT('',(23.0927551877823,8.9880208333335,8.15));
#2134=CARTESIAN_POINT('',(29.0927551877823,8.9880208333335,4.65));
#2135=CARTESIAN_POINT('',(29.0927551877823,8.9880208333335,8.15));
#2136=MECHANICAL_DESIGN_GEOMETRIC_PRESENTATION_REPRESENTATION('',(#1041),
#2137);
#2137=(
GEOMETRIC_REPRESENTATION_CONTEXT(3)
GLOBAL_UNCERTAINTY_ASSIGNED_CONTEXT((#2138))
GLOBAL_UNIT_ASSIGNED_CONTEXT((#2141,#2140,#2139))
REPRESENTATION_CONTEXT('AS5600 Mount','TOP_LEVEL_ASSEMBLY_PART')
);
#2138=UNCERTAINTY_MEASURE_WITH_UNIT(LENGTH_MEASURE(1.E-5),#2141,
'DISTANCE_ACCURACY_VALUE','Maximum Tolerance applied to model');
#2139=(
NAMED_UNIT(*)
SI_UNIT($,.STERADIAN.)
SOLID_ANGLE_UNIT()
);
#2140=(
NAMED_UNIT(*)
PLANE_ANGLE_UNIT()
SI_UNIT($,.RADIAN.)
);
#2141=(
LENGTH_UNIT()
NAMED_UNIT(*)
SI_UNIT(.MILLI.,.METRE.)
);
#2142=PRODUCT_DEFINITION_SHAPE('','',#2143);
#2143=PRODUCT_DEFINITION('','',#2145,#2144);
#2144=PRODUCT_DEFINITION_CONTEXT('',#2151,'design');
#2145=PRODUCT_DEFINITION_FORMATION_WITH_SPECIFIED_SOURCE('','',#2147,
 .NOT_KNOWN.);
#2146=PRODUCT_RELATED_PRODUCT_CATEGORY('','',(#2147));
#2147=PRODUCT('AS5600 Mount','AS5600 Mount','AS5600 Mount',(#2149));
#2148=PRODUCT_CATEGORY('','');
#2149=PRODUCT_CONTEXT('',#2151,'mechanical');
#2150=APPLICATION_PROTOCOL_DEFINITION('international standard',
'ap242_managed_model_based_3d_engineering',2020,#2151);
#2151=APPLICATION_CONTEXT('managed model based 3d engineering');
ENDSEC;
END-ISO-10303-21;
